<?xml version="1.0" encoding="us-ascii"?>
<!DOCTYPE muclient>
<!-- Saved on Monday, May 31, 2004, 5:27 PM -->
<!-- MuClient version 3.45 -->
<!-- Plugin "Bindy_rozne" generated by Plugin Wizard -->
<muclient>
<plugin name="Bindy_rozne" author="Lisev" id="9add4d125efc491689d6750f" language="VBscript" date_written="2004-05-31 17:26:50" requires="3.45" version="1.0">

</plugin>
<aliases>
  <alias script="help_script" match="^script_help$" enabled="y" group="script_help" omit_from_command_history="y" regexp="y" keep_evaluating="y" sequence="0">
  </alias>

  <alias script="funkcja" match="^func$" enabled="y" regexp="y" sequence="0">
  </alias>
</aliases>

<!--  Triggers  -->

<triggers>

  <trigger enabled="y" match="^(?:&gt; |)(Najswiezsze prowadza (.*)\.)$" send_to="9" sequence="4" script="set_func" regexp="y" keep_evaluating="y" variable="funkcyjny">
  <send>slady prowadza;'slady %2</send>
  </trigger>

  <trigger enabled="y" match="^(?:&gt; |)(Klekasz szukajac sladow\.)$" send_to="9" sequence="4" script="set_func" regexp="y" keep_evaluating="y" variable="funkcyjny">
  <send>PRZESTAN;przestan</send>
  </trigger>

  <trigger enabled="y" match="^(?:&gt; |)(W kuzni\.|Kuznia zbroi\.|Kuznia broni\.)$" send_to="9" sequence="4" script="set_func" regexp="y" keep_evaluating="y" variable="funkcyjny">
  <send>Naprawianie;naostrz bron;naostrz druga bron;naostrz trzecia bron;napraw zbroje;napraw druga zbroje;napraw trzecia zbroje;napraw czwarta zbroje;napraw piata zbroje;napraw szosta zbroje;napraw siodma zbroje;dobadz broni;zaloz wszystko</send>
  </trigger>
  
  <trigger enabled="y" match="^(?:&gt; |)(Polnocno-wschodni brzeg jeziora|Niewysoki kurhan)\.$" send_to="9" sequence="4" script="set_func" regexp="y" keep_evaluating="y" variable="funkcyjny">
  <send>Krzaki;wejdz w krzaki</send>
  </trigger>
  <trigger enabled="y" match="^(?:&gt; |)Nie mozesz przejsc przez zamkniete wrota\.$" send_to="9" sequence="4" script="set_func" regexp="y" keep_evaluating="y" variable="funkcyjny">
  <send>Wrota;zapukaj we wrota</send>
  </trigger>
  <trigger enabled="y" match="^(?:&gt; |)Karczma 'Gnijaca Meduza'\.$" send_to="9" sequence="4" script="set_func" regexp="y" keep_evaluating="y" variable="funkcyjny">
  <send>Jedzenie;usiadz przy stole;zamow zupe;zamow zupe;zamow zupe;zamow zupe;wstan</send>
  </trigger>
  <trigger enabled="y" match="Duzy glaz\.$" send_to="9" sequence="4" script="set_func" regexp="y" keep_evaluating="y" variable="funkcyjny">
  <send>Glaz;wejdz na glaz;wespnij sie na polke</send>
  </trigger>
  <trigger enabled="y" lines_to_match="2" match="^(?:&gt; |)Pod murami Nuln\.\nJest tutaj jedno widoczne wyjscie\: poludniowy\-wschod\.$" multi_line="y" script="set_func" regexp="y" send_to="9" sequence="100" variable="funkcyjny">
  <send>Krzaki;wejdz w krzaki</send>
  </trigger>
  <trigger enabled="y" lines_to_match="2" match="^(?:&gt; |)Lesna sciezynka\.\nJest tutaj jedno widoczne wyjscie: wschod\.$" multi_line="y" script="set_func" regexp="y" send_to="9" sequence="100" variable="funkcyjny">
  <send>Pien;przesun pien</send>
  </trigger>
  <trigger enabled="y" lines_to_match="2" match="^(?:&gt; |)Pod murami Nuln\.\nJest tutaj jedno widoczne wyjscie\: zachod\.$" multi_line="y" script="set_func" regexp="y" send_to="9" sequence="100" variable="funkcyjny">
  <send>Krzaki;wejdz w krzaki</send>
  </trigger>
 <trigger enabled="y" lines_to_match="2" match="^(?:&gt; |)U szczytu schodow\.\nJest tutaj jedno widoczne wyjscie\: dol\.$" multi_line="y" script="set_func" regexp="y" send_to="9" sequence="100" variable="funkcyjny">
  <send>Plyta;przesun plyte</send>
  </trigger>

  <trigger enabled="y" lines_to_match="2" match="^(?:&gt; |)Na korytarzu\.\nSa tutaj dwa widoczne wyjscia\: poludnie i zachod\.$" multi_line="y" script="set_func" regexp="y" send_to="9" sequence="100" variable="funkcyjny">
  <send>Klapa;otworz klape</send>
  </trigger>
  <trigger enabled="y" lines_to_match="2" match="^(?:&gt; |)Lesna sciezynka\.\nSa tutaj dwa widoczne wyjscia\: poludniowy-zachod i polnocny-zachod.\.$" multi_line="y" script="set_func" regexp="y" send_to="9" sequence="100" variable="funkcyjny">
  <send>Pien;przesun pien</send>
  </trigger>
  <trigger enabled="y" lines_to_match="2" match="^(?:&gt; |)Kamienny trakt\.\nTrakt wiedzie na poludniowy-wschod i polnocny-wschod\.$" multi_line="y" script="set_func" regexp="y" send_to="9" sequence="100" variable="funkcyjny">
  <send>Krzaki;wejdz w krzaki</send>
  </trigger>
  <trigger enabled="y" lines_to_match="2" match="^(?:&gt; |)Kamienny trakt\.\nW gestych ciemnosciach dostrzegasz trakt wiodacy na poludniowy-wschod i polnocny-wschod\.$" multi_line="y" script="set_func" regexp="y" send_to="9" sequence="100" variable="funkcyjny">
  <send>Krzaki;wejdz w krzaki</send>
  </trigger>
 <trigger enabled="y" lines_to_match="2" match="^(?:&gt; |)W podziemnej sali\.\nSa tutaj dwa widoczne wyjscia\: polnoc i wschod\.$" multi_line="y" script="set_func" regexp="y" send_to="9" sequence="100" variable="funkcyjny">
  <send>Studnia;wejdz do studni</send>
  </trigger>
<trigger enabled="y" lines_to_match="2" match="^(?:&gt; |)Kamienny trakt\.\nSa tutaj dwa widoczne wyjscia\: poludniowy-wschod i polnoc\.$" multi_line="y" script="set_func" regexp="y" send_to="9" sequence="100" variable="funkcyjny">
  <send>Krzaki;wejdz w krzaki</send>
  </trigger>
<trigger enabled="y" lines_to_match="2" match="^(?:&gt; |)W poblizu spalonej chaty\.\nSa tutaj dwa widoczne wyjscia\: zachod i polnocny-wschod\.$" multi_line="y" script="set_func" regexp="y" send_to="9" sequence="100" variable="funkcyjny">
  <send>Chatkens;wejdz do chaty</send>
  </trigger>
<trigger enabled="y" lines_to_match="2" match="^(?:&gt; |)Podziemne tunele\.\nSa tutaj dwa widoczne wyjscia\: polnocny-wschod i zachod\.$" multi_line="y" script="set_func" regexp="y" send_to="9" sequence="100" variable="funkcyjny">
  <send>Wneka;przejdz przez wneke</send>
  </trigger>
<trigger enabled="y" lines_to_match="2" match="^(?:&gt; |)Lesna gestwina\.\nSa tutaj dwa widoczne wyjscia\: trakt i zachod\.$" multi_line="y" script="set_func" regexp="y" send_to="9" sequence="100" variable="funkcyjny">
  <send>Trakt;trakt</send>
  </trigger>
<trigger enabled="y" lines_to_match="2" match="^(?:&gt; |)Na dnie studni\.$" multi_line="y" script="set_func" regexp="y" send_to="9" sequence="100" variable="funkcyjny">
  <send>Otwor;przecisnij sie przez otwor</send>
  </trigger>
<trigger enabled="y" lines_to_match="2" match="^(?:&gt; |)Rzeczny prom przybija do brzegu\.$" multi_line="y" script="set_func" regexp="y" send_to="9" sequence="100" variable="funkcyjny">
  <send>Prom;wejdz na prom</send>
  </trigger>
<trigger enabled="y" lines_to_match="2" match="^(?:&gt; |)Niewielki prom rzeczny przybija do brzegu\.$" multi_line="y" script="set_func" regexp="y" send_to="9" sequence="100" variable="funkcyjny">
  <send>Prom;wejdz na prom</send>
  </trigger>
<trigger enabled="y" lines_to_match="2" match="^(?:&gt; |)Prom powoli przybija do brzegu\.$" multi_line="y" script="set_func" regexp="y" send_to="9" sequence="100" variable="funkcyjny">
  <send>Brzeg;zeskocz</send>
  </trigger>
<trigger enabled="y" lines_to_match="2" match="^(?:&gt; |)Probujesz otworzyc zelazne wrota ale nie udaje ci sie to\.$" multi_line="y" script="set_func" regexp="y" send_to="9" sequence="100" variable="funkcyjny">
  <send>Wrota;uderz we wrota</send>
  </trigger>

<trigger enabled="y" lines_to_match="2" match="^(?:&gt; |)Niewielka sala\.\nSa tutaj trzy widoczne wyjscia\: poludniowy-zachod, polnoc i wschod.$" multi_line="y" script="set_func" regexp="y" send_to="9" sequence="100" variable="funkcyjny">
  <send>Podest;wejdz na podest</send>
  </trigger>
<trigger enabled="y" lines_to_match="2" match="^(?:&gt; |)Przy strumyku\.\nSa tutaj trzy widoczne wyjscia\: polnoc, polnocny-zachod i wschod.$" multi_line="y" script="set_func" regexp="y" send_to="9" sequence="100" variable="funkcyjny">
  <send>Strumyk;napij sie ze strumyka</send>
  </trigger>
<trigger enabled="y" lines_to_match="2" match="^(?:&gt; |)Kamienny trakt\.\nW gestych ciemnosciach dostrzegasz trakt wiodacy na poludniowy-wschod i polnoc.$" multi_line="y" script="set_func" regexp="y" send_to="9" sequence="100" variable="funkcyjny">
  <send>Krzaki;wejdz w krzaki</send>
  </trigger>
<trigger enabled="y" lines_to_match="2" match="^(?:&gt; |)Uliczka w Campogrotta\.\nSa tutaj trzy widoczne wyjscia\: polnocny-zachod, poludniowy-zachod i wschod.$" multi_line="y" script="set_func" regexp="y" send_to="9" sequence="100" variable="funkcyjny">
  <send>Woz;wejdz na woz;poloz sie na wozie</send>
  </trigger>

 <trigger enabled="y" lines_to_match="2" match="^(?:&gt; |)Sala z grobowcem\.$" multi_line="y" script="set_func" regexp="y" send_to="9" sequence="100" variable="funkcyjny">
  <send>Grobowiec;wejdz do grobowca</send>
  </trigger>
<trigger enabled="y" lines_to_match="2" match="^(?:&gt; |)W grobowcu\.$" multi_line="y" script="set_func" regexp="y" send_to="9" sequence="100" variable="funkcyjny">
  <send>Otwor;przecisnij sie przez otwor</send>
  </trigger>

  <trigger enabled="y" lines_to_match="2" match="^(?:&gt; |)Lochy\.\nJest tutaj jedno widoczne wyjscie\: poludniowy-zachod\.$" multi_line="y" script="set_func" regexp="y" send_to="9" sequence="100" variable="funkcyjny">
  <send>Wneka;przejdz przez wneke</send>
  </trigger>
  
  <trigger enabled="y" lines_to_match="2" match="^(?:&gt; |)(Zasypany tunel\.\nJest tutaj jedno widoczne wyjscie\: poludnie\.|Zasypany tunel\.\nSa tutaj dwa widoczne wyjscia\: zachod i polnoc\.)$" multi_line="y" script="set_func" regexp="y" send_to="9" sequence="100" variable="funkcyjny">
  <send>Szczelina;przecisnij sie przez szczeline</send>
  </trigger>
  <trigger enabled="y" lines_to_match="2" match="^(?:&gt; |)Koniec korytarza\.\nJest tutaj jedno widoczne wyjscie\: zachod\.$" multi_line="y" script="set_func" regexp="y" send_to="9" sequence="100" variable="funkcyjny">
  <send>Sciana;wejdz we wschodnia sciane</send>
  </trigger>
  <trigger enabled="y" lines_to_match="2" match="^(?:&gt; |)Krety korytarz.\nSa tutaj trzy widoczne wyjscia\: polnoc\, wschod i poludnie\.$" multi_line="y" script="set_func" regexp="y" send_to="9" sequence="100" variable="funkcyjny">
  <send>Sciana;wejdz w zachodnia sciane</send>
  </trigger>
  <trigger enabled="y" lines_to_match="2" match="^(?:&gt; |)Dziedziniec.\nJest tutaj szesc widocznych wyjsc\: poludniowy-wschod, wschod, poludniowy-zachod, polnocny-zachod, polnoc i zachod\.$" multi_line="y" script="set_func" regexp="y" send_to="9" sequence="100" variable="funkcyjny">
  <send>Studnia;napij sie ze studni</send>
  </trigger>
  <trigger enabled="y" lines_to_match="2" match="^(?:&gt; |)Tunel pod kanalami\.\nSa tutaj dwa widoczne wyjscia\: gora i wschod\.$" multi_line="y" script="set_func" regexp="y" send_to="9" sequence="100" variable="funkcyjny">
  <send>Statua;poklon sie statui</send>
  </trigger>
  <trigger enabled="y" lines_to_match="2" match="^(?:&gt; |)Swiatynia Rogatego Szczura\.\nSa tutaj dwa widoczne wyjscia\: polnocny\-zachod i polnocny\-wschod\.$" multi_line="y" script="set_func" regexp="y" send_to="9" sequence="100" variable="funkcyjny">
  <send>Czaszka;przekrec czaszke</send>
  </trigger>

  <trigger enabled="y" lines_to_match="2" match="^(?:&gt; |)Piekarnia\.\nJest tutaj jedno widoczne wyjscie\: polnocny\-zachod\.$" multi_line="y" script="set_func" regexp="y" send_to="9" sequence="100" variable="funkcyjny">
  <send>Jedzenie;wez monety z zalozonego plecaka;zamow bulke;zamow bulke;zamow bulke;zamow bulke;wloz monety do zalozonego plecaka</send>
  </trigger>
  <trigger enabled="y" lines_to_match="2" match="^(?:&gt; |)Duza polana\.\nSa tutaj dwa widoczne wyjscia\: zachod i wschod\.$" multi_line="y" script="set_func" regexp="y" send_to="9" sequence="100" variable="funkcyjny">
  <send>Wodospad;wejdz do wody;przejdz przez wodospad</send>
  </trigger>
  <trigger enabled="y" lines_to_match="2" match="^(?:&gt; |)Jaskinia\.\nJest tutaj jedno widoczne wyjscie\: polnoc\.$" multi_line="y" script="set_func" regexp="y" send_to="9" sequence="100" variable="funkcyjny">
  <send>Wodospad;przejdz przez wodospad</send>
  </trigger>

  <trigger enabled="y" match="^(?:&gt; |)Probujesz otworzyc debowe wrota ale nie udaje ci sie to\.$" send_to="9" sequence="4" script="set_func" regexp="y" keep_evaluating="y" variable="funkcyjny">
  <send>Wrota;zastukaj we wrota</send>
  </trigger>
  <trigger enabled="y" match="^(?:&gt; |)Przy bramie\.$" send_to="9" sequence="4" script="set_func" regexp="y" keep_evaluating="y" variable="funkcyjny">
  <send>Wrota;brama</send>
  </trigger>
  <trigger enabled="y" match="^(?:&gt; |)Wyjscie z obozu\.$" send_to="9" sequence="4" script="set_func" regexp="y" keep_evaluating="y" variable="funkcyjny">
  <send>Wrota;brama</send>
  </trigger>
  <trigger enabled="y" match="^(?:&gt; |)Wejscie do obozu\.$" send_to="9" sequence="4" script="set_func" regexp="y" keep_evaluating="y" variable="funkcyjny">
  <send>Wrota;brama</send>
  </trigger>
  <trigger enabled="y" match="^(?:&gt; |)Przy wyjsciu z obozu\.$" send_to="9" sequence="4" script="set_func" regexp="y" keep_evaluating="y" variable="funkcyjny">
  <send>Wrota;brama</send>
  </trigger>
  <trigger enabled="y" match="^(?:&gt; |)Przed kislevickim obozem\.$" send_to="9" sequence="4" script="set_func" regexp="y" keep_evaluating="y" variable="funkcyjny">
  <send>Wrota;brama</send>
  </trigger>
 <trigger enabled="y" match="^(?:&gt; |)Brama fortu\.$" send_to="9" sequence="4" script="set_func" regexp="y" keep_evaluating="y" variable="funkcyjny">
  <send>Wrota;brama</send>
  </trigger>
  <trigger enabled="y" lines_to_match="2" match="^(?:&gt; |)Lesna sciezka\.\nSa tutaj dwa widoczne wyjscia\: poludniowy\-wschod i polnocny\-zachod\.$" multi_line="y" script="set_func" regexp="y" send_to="9" sequence="100" variable="funkcyjny">
  <send>Kurhan;wejdz do kurhanu</send>
  </trigger>
  <trigger enabled="y" lines_to_match="2" match="^(?:&gt; |)Przy rozpadlinie\.\nMozesz stad wyruszyc w dowolnie wybranym kierunku.$" multi_line="y" script="set_func" regexp="y" send_to="9" sequence="100" variable="funkcyjny">
  <send>Rozpadlina;wejdz do rozpadliny</send>
  </trigger>
  <trigger enabled="y" lines_to_match="2" match="^(?:&gt; |)Wypalone Pustkowia\.\nSa tutaj cztery widoczne wyjscia: poludniowy-wschod, zachod, wschod i poludnie\.$" multi_line="y" script="set_func" regexp="y" send_to="9" sequence="100" variable="funkcyjny">
  <send>Otwor;przecisnij sie przez otwor</send>
  </trigger>
  <trigger enabled="y" lines_to_match="2" match="^(?:&gt; |)Centrum obozu\.\nSa tutaj cztery widoczne wyjscia: poludniowy-zachod, polnoc, poludnie i wschod\.$" multi_line="y" script="set_func" regexp="y" send_to="9" sequence="100" variable="funkcyjny">
  <send>Woz;wejdz do wozu</send>
  </trigger>
  <trigger enabled="y" lines_to_match="2" match="^(?:&gt; |)Przy szczelinie\.\nJest tutaj jedno widoczne wyjscie: polnocny-wschod\.$" multi_line="y" script="set_func" regexp="y" send_to="9" sequence="100" variable="funkcyjny">
  <send>Otwor;przecisnij sie przez otwor</send>
  </trigger>
  <trigger enabled="y" lines_to_match="2" match="^(?:&gt; |)Ciemny, ciasny tunel\.\nJest tutaj jedno widoczne wyjscie: polnoc\.$" multi_line="y" script="set_func" regexp="y" send_to="9" sequence="100" variable="funkcyjny">
  <send>Szczelina;przejdz przez szczeline</send>
  </trigger>

  <trigger enabled="y" lines_to_match="2" match="^(?:&gt; |)Podziemia\.\nJest tutaj jedno widoczne wyjscie\: poludniowy\-wschod\.$" multi_line="y" script="set_func" regexp="y" send_to="9" sequence="100" variable="funkcyjny">
  <send>Sciana;wespnij sie na gore</send>
  </trigger>
  
  <trigger enabled="y" match="W zboczu wznoszacego sie na polnocy urwiska widnieje czarny, nieregularny otwor" script="set_func" regexp="y" send_to="9" sequence="100" variable="funkcyjny">
  <send>Otwor;przecisnij sie przez otwor</send>
  </trigger>
  <trigger enabled="y" match="^(?:&gt; |)(Forsowanie zamknietych wrot nie jest najlepszym pomyslem|Forsowanie zamknietej bramy nie jest najlepszym pomyslem)\.$" send_to="9" sequence="4" script="set_func" regexp="y" keep_evaluating="y" variable="funkcyjny">
  <send>Wrota;zapukaj we wrota</send>
  </trigger>
  
  
  
  
  <trigger enabled="y" match="^(?:&gt; |)Strome wzniesienie\.$" send_to="9" sequence="4" script="set_func" regexp="y" keep_evaluating="y" variable="funkcyjny">
  <send>Kurhan;wejdz na plyte</send>
  </trigger>
  <trigger enabled="y" match="^(?:&gt; |)Kolo kurhanu\.$" send_to="9" sequence="4" script="set_func" regexp="y" keep_evaluating="y" variable="funkcyjny">
  <send>Kurhan;przecisnij sie do srodka</send>
  </trigger>
  <trigger enabled="y" match="^(?:&gt; |)Gospoda kupiecka pod Zlotym Kielichem\.$" send_to="9" sequence="4" script="set_func" regexp="y" keep_evaluating="y" variable="funkcyjny">
  <send>Jedzenie;wez monety z zalozonego plecaka;zamow zupe;zamow zupe;zamow zupe;zamow zupe;wloz monety do zalozonego plecaka</send>
  </trigger>
  <trigger enabled="y" match="^(?:&gt; |)Stolowka\.$" send_to="9" sequence="4" script="set_func" regexp="y" keep_evaluating="y" variable="funkcyjny">
  <send>Jedzenie;usiadz przy stole;zamow grochowke;zamow grochowke;zamow grochowke;zamow grochowke;wstan</send>
  </trigger>
  <trigger enabled="y" match="^(?:&gt; |)Karczma\: \'Kamienny Bar\'\.$" send_to="9" sequence="4" script="set_func" regexp="y" keep_evaluating="y" variable="funkcyjny">
  <send>Jedzenie;usiadz przy stole;wez monety z zalozonego plecaka;zamow chleb;zamow chleb;zamow chleb;zamow chleb;zamow chleb;wloz monety do zalozonego plecaka;wstan</send>
  </trigger>
  <trigger enabled="y" match="^(?:&gt; |)Szyb kopalniany\.$" send_to="9" sequence="4" script="set_func" regexp="y" keep_evaluating="y" variable="funkcyjny">
  <send>Lina;wespnij sie po linach</send>
  </trigger>
  <trigger enabled="y" match="^(?:&gt; |)Kopalniany chodnik\.$" send_to="9" sequence="4" script="set_func" regexp="y" keep_evaluating="y" variable="funkcyjny">
  <send>Szczelina;przecisnij sie przez szczeline</send>
  </trigger>
  <trigger enabled="y" match="^(?:&gt; |)Szyb kopalni\.$" send_to="9" sequence="4" script="set_func" regexp="y" keep_evaluating="y" variable="funkcyjny">
  <send>Liny;zsun sie po linach</send>
  </trigger>
  <trigger enabled="y" match="^(?:&gt; |)(Do brzegu przybija tratwa|Tratwa|Rzeczna tratwa|Rzeczna tratwa przybija do brzegu)\.$" send_to="9" sequence="4" script="set_func" regexp="y" keep_evaluating="y" variable="funkcyjny">
  <send>Tratwa;wejdz na tratwe</send>
  </trigger>
  <trigger enabled="y" match="^(?:&gt; |)(?:Tratwa powoli przybija do brzegu przystani|Tratwa powoli przybija do brzegu)\.$" send_to="9" sequence="4" script="set_func" regexp="y" keep_evaluating="y" variable="funkcyjny">
  <send>Tratwa;zeskocz z tratwy</send>
  </trigger>
  <trigger enabled="y" match="^(?:&gt; |)(Zielony|Czarny) pedzacy dylizans powoli zatrzymuje sie\.$" send_to="9" sequence="4" script="set_func" regexp="y" keep_evaluating="y" variable="funkcyjny">
  <send>Dylizans;wez monety z zalozonego plecaka;wejdz do dylizansu;wloz monety do zalozonego plecaka</send>
  </trigger>
  <trigger enabled="y" match="^(?:&gt; |)Powoli pojazd zaczyna tracic predkosc, by po chwili zatrzymac sie\.$" send_to="9" sequence="4" script="set_func" regexp="y" keep_evaluating="y" variable="funkcyjny">
  <send>Dylizans;wyjscie</send>
  </trigger>
  <trigger enabled="y" match="^(?:&gt; |)Przechodzenie przez zamkniete wrota nie nalezy chyba do najlepszych pomyslow\.$" send_to="9" sequence="4" script="set_func" regexp="y" keep_evaluating="y" variable="funkcyjny">
  <send>Brama;zapukaj we wrota;zadzwon</send>
  </trigger>
  <trigger enabled="y" match="^(?:&gt; |)(.*?) mowi: Wszyscy na poklad! Bilety za jedyne ([0123456789]*) miedziakow\!$" send_to="9" sequence="4" script="set_func" regexp="y" keep_evaluating="y" variable="funkcyjny">
  <send>statek;wez monety z zalozonego plecaka;kup bilet;wejdz na statek;wejdz na barke;wloz monety do zalozonego plecaka</send>
  </trigger>

  <trigger enabled="y" match="^(?:&gt; |)Szynk\.$" send_to="9" sequence="4" script="set_func" regexp="y" keep_evaluating="y" variable="funkcyjny">
  <send>jedzenie;usiadz przy stoliku;zamow kasze;zamow kasze;zamow kasze;wstan</send>
  </trigger>

  <trigger enabled="y" match="^(?:&gt; |)Apteka\.$" send_to="9" sequence="4" script="set_func" regexp="y" keep_evaluating="y" variable="funkcyjny">
  <send>Apteka;przejrzyj</send>
  </trigger>

  <trigger enabled="y" match="^(?:&gt; |)Karczma \'U Rudolfa\'\.$" send_to="9" sequence="4" script="set_func" regexp="y" keep_evaluating="y" variable="funkcyjny">
  <send>Jedzenie;usiadz przy stole;zamow lososia;zamow lososia;wstan</send>
  </trigger>

  <trigger enabled="y" match="^(?:&gt; |)Dom Aukcyjny Hoffera\.$" send_to="9" sequence="4" script="set_func" regexp="y" keep_evaluating="y" variable="funkcyjny">
  <send>Aukcja;przejrzyj;przejrzyj odbierane</send>
  </trigger>

  <trigger enabled="y" match="^(?:&gt; |)Centralny Bank Imperialny \- Filia w Nuln\.$" send_to="9" sequence="4" script="set_func" regexp="y" keep_evaluating="y" variable="funkcyjny">
  <send>Bank;sprawdz konto</send>
  </trigger>
  <trigger enabled="y" match="^(?:&gt; |)Gospoda pod Ucietym Palcem\.$" send_to="9" sequence="4" script="set_func" regexp="y" keep_evaluating="y" variable="funkcyjny">
  <send>Jedzenie;usiadz przy stole;zamow rosol;zamow rosol;wstan</send>
  </trigger>
  <trigger enabled="y" lines_to_match="2" match="^(?:&gt; |)Szeroki gosciniec\.\nW gestych ciemnosciach dostrzegasz trakt wiodacy na poludnie i zachod\.$" multi_line="y" script="set_func" regexp="y" send_to="9" sequence="100" variable="funkcyjny">
  <send>Brama;pociagnij za sznur</send>
  </trigger>
  <trigger enabled="y" lines_to_match="2" match="^(?:&gt; |)Szeroki gosciniec\.\nW gestych ciemnosciach dostrzegasz trakt wiodacy na poludnie\.$" multi_line="y" script="set_func" regexp="y" send_to="9" sequence="100" variable="funkcyjny">
  <send>Brama;pociagnij za sznur</send>
  </trigger>
  <trigger enabled="y" lines_to_match="2" match="^(?:&gt; |)Brama zachodnia\.\nSa tutaj dwa widoczne wyjscia\: wschod i polnoc\.$" multi_line="y" script="set_func" regexp="y" send_to="9" sequence="100" variable="funkcyjny">
  <send>Brama;pociagnij za sznur</send>
  </trigger>
  <trigger enabled="y" lines_to_match="2" match="^(?:&gt; |)Brama poludniowa\.\nJest tutaj jedno widoczne wyjscie\: polnoc\.$" multi_line="y" script="set_func" regexp="y" send_to="9" sequence="100" variable="funkcyjny">
  <send>Brama;pociagnij za sznur</send>
  </trigger>
  <trigger enabled="y" lines_to_match="2" match="^(?:&gt; |)Przy bramie Fortu\.\nJest tutaj jedno widoczne wyjscie\: poludnie\.$" multi_line="y" script="set_func" regexp="y" send_to="9" sequence="100" variable="funkcyjny">
  <send>Brama;pociagnij za sznur</send>
  </trigger>
  <trigger enabled="y" lines_to_match="2" match="^(?:&gt; |)Wnetrze fortu Czarny Ogien\.\nJest tutaj jedno widoczne wyjscie\: wschod\.$" multi_line="y" script="set_func" regexp="y" send_to="9" sequence="100" variable="funkcyjny">
  <send>Brama;pociagnij sznur</send>
  </trigger>
  <trigger enabled="y" lines_to_match="2" match="^(?:&gt; |)Podziemia\.\nSa tutaj dwa widoczne wyjscia\: schody i wschod\.$" multi_line="y" script="set_func" regexp="y" send_to="9" sequence="100" variable="funkcyjny">
  <send>Schody;schody</send>
  </trigger>
  <trigger enabled="y" lines_to_match="2" match="^(?:&gt; |)Wnetrze fortu Czarny Ogien\.\nSa tutaj trzy widoczne wyjscia\: polnocny\-zachod, schody i gora\.$" multi_line="y" script="set_func" regexp="y" send_to="9" sequence="100" variable="funkcyjny">
  <send>Schody;schody</send>
  </trigger>
  <trigger enabled="y" lines_to_match="2" match="^(?:&gt; |)Wnetrze fortu Czarny Ogien\.\nSa tutaj dwa widoczne wyjscia\: schody i poludnie\.$" multi_line="y" script="set_func" regexp="y" send_to="9" sequence="100" variable="funkcyjny">
  <send>Schody;schody</send>
  </trigger>
  <trigger enabled="y" lines_to_match="2" match="^(?:&gt; |)Wnetrze fortu Czarny Ogien\.\nSa tutaj cztery widoczne wyjscia\: schody, gora, poludnie i wschod\.$" multi_line="y" script="set_func" regexp="y" send_to="9" sequence="100" variable="funkcyjny">
  <send>Schody;schody</send>
  </trigger>
  <trigger enabled="y" lines_to_match="2" match="^(?:&gt; |)Nabrzeze trzecie\.\nSa tutaj dwa widoczne wyjscia\: dol i zachod\.$" multi_line="y" script="set_func" regexp="y" send_to="9" sequence="100" variable="funkcyjny">
  <send>Platforma;dol;s;s;pociagnij dzwignie</send>
  </trigger>
  <trigger enabled="y" lines_to_match="2" match="^(?:&gt; |)Szeroki gosciniec\.\nTrakt wiedzie na poludnie\. Mozna jednak z niego zejsc i udac sie na zachod\.$" multi_line="y" script="set_func" regexp="y" send_to="9" sequence="100" variable="funkcyjny">
  <send>Brama;pociagnij za sznur</send>
  </trigger>
  <trigger enabled="y" lines_to_match="2" match="^(?:&gt; |)Szeroki gosciniec\.\nTrakt wiedzie na poludnie i zachod\.$" multi_line="y" script="set_func" regexp="y" send_to="9" sequence="100" variable="funkcyjny">
  <send>Brama;pociagnij za sznur</send>
  </trigger>
  <trigger enabled="y" lines_to_match="2" match="^(?:&gt; |)Przy stertach skrzyn\.\nJest tutaj jedno widoczne wyjscie\: zachod\.$" multi_line="y" script="set_func" regexp="y" send_to="9" sequence="100" variable="funkcyjny">
  <send>Buklak;wez monety z plecaka;kup buklak;wloz monety do plecaka</send>
  </trigger>
  <trigger enabled="y" lines_to_match="2" match="^(?:&gt; |)Posrod ognisk\.\nSa tutaj trzy widoczne wyjscia\: polnoc, zachod i wschod\.$" multi_line="y" script="set_func" regexp="y" send_to="9" sequence="100" variable="funkcyjny">
  <send>Jedzenie+Buklak;zjedz podplomyk;napelnij buklak wodka z beczek</send>
  </trigger>
 <trigger enabled="y" lines_to_match="2" match="^(?:&gt; |)Szesciokatna komnata\.\nJest tutaj osiem widocznych wyjsc\: polnocny\-wschod, poludniowy\-wschod, poludnie, wschod, gora, poludniowy\-zachod, polnocny\-zachod i polnoc\.$" multi_line="y" script="set_func" regexp="y" send_to="9" sequence="100" variable="funkcyjny">
  <send>Sadzawka;napij sie z sadzawki</send>
  </trigger>
  <trigger enabled="y" lines_to_match="2" match="^(?:&gt; |)Zamkniete spizowe wrota prowadzace na polnoc\.\nKorytarz jaskini ciagnie sie na poludnie\.$" multi_line="y" script="set_func" regexp="y" send_to="9" sequence="100" variable="funkcyjny">
  <send>Na zewnatrz;s;se;s;s;s;se;sw;w;w;sw;se</send>
  </trigger>
  <trigger enabled="y" lines_to_match="1" match="^(?:&gt; |)W jednym z zaglebien terenu dostrzegasz szczeline prowadzaca pod ziemie\.$" multi_line="y" script="set_func" regexp="y" send_to="9" sequence="100" variable="funkcyjny">
  <send>Do swiatyni;nw;ne;e;e;ne;nw;n;n;n;nw;n</send>
  </trigger>
  <trigger enabled="y" lines_to_match="2" match="^(?:&gt; |)Plac miejski\.\nSa tutaj cztery widoczne wyjscia\: polnocny\-wschod, polnocny\-zachod, poludnie i poczta\.$" multi_line="y" script="set_func" regexp="y" send_to="9" sequence="100" variable="funkcyjny">
  <send>Poczta;poczta</send>
  </trigger>
  <trigger enabled="y" lines_to_match="2" match="^(?:&gt; |)Przed zelazna brama\.\nJest tutaj jedno widoczne wyjscie\: poludniowy\-zachod\.$" multi_line="y" script="set_func" regexp="y" send_to="9" sequence="100" variable="funkcyjny">
  <send>Brama;zastukaj w brame</send>
  </trigger>
  <trigger enabled="y" lines_to_match="2" match="^(?:&gt; |)Brukowany plac\.\nSa tutaj dwa widoczne wyjscia\: wschod i polnocny\-zachod\.$" multi_line="y" script="set_func" regexp="y" send_to="9" sequence="100" variable="funkcyjny">
  <send>Brama;zastukaj w brame</send>
  </trigger>
  <trigger enabled="y" lines_to_match="2" match="^(?:&gt; |)Stara czesc portu\.\nJest tutaj piec widocznych wyjsc\: wieza, polnocny\-wschod, polnoc, poludniowy\-wschod i zachod\.$" multi_line="y" script="set_func" regexp="y" send_to="9" sequence="100" variable="funkcyjny">
  <send>Wieza;wieza</send>
  </trigger>
  <trigger enabled="y" lines_to_match="2" match="^(?:&gt; |)Waski przesmyk\.\nJest tutaj jedno widoczne wyjscie\: zachod\.$" multi_line="y" script="set_func" regexp="y" send_to="9" sequence="100" variable="funkcyjny">
  <send>wejdz na luk;wejdz na luk</send>
  </trigger>
  <trigger enabled="y" lines_to_match="2" match="^(?:&gt; |)Na luku skalnym\.\nJest tutaj jedno widoczne wyjscie\: zachod\.$" multi_line="y" script="set_func" regexp="y" send_to="9" sequence="100" variable="funkcyjny">
  <send>zeskocz na placyk;zeskocz na placyk</send>
  </trigger>
  <trigger enabled="y" lines_to_match="2" match="^(?:&gt; |)Zaulek heliktytowy\.\nSa tutaj dwa widoczne wyjscia\: poludnie i zachod\.$" multi_line="y" script="set_func" regexp="y" send_to="9" sequence="100" variable="funkcyjny">
  <send>wejdz na luk;wejdz na luk</send>
  </trigger>
  <trigger enabled="y" lines_to_match="2" match="^(?:&gt; |)Probujesz otworzyc masywna stalowa brame\, ale nie udaje ci sie to\.$" multi_line="n" script="set_func" regexp="y" send_to="9" sequence="100" variable="funkcyjny">
  <send>Brama;uderz w brame;zapukaj w brame;</send>
  </trigger>

  <trigger enabled="y" lines_to_match="2" match="^(?:&gt; |)Probujesz otworzyc okuta brame\, ale nie udaje ci sie to\.$" multi_line="n" script="set_func" regexp="y" send_to="9" sequence="100" variable="funkcyjny">
  <send>Brama;uderz w brame;uderz w brame</send>
  </trigger>
  <trigger enabled="y" lines_to_match="2" match="^(?:&gt; |)Probujesz otworzyc (.*) wrota\, ale nie udaje ci sie to\.$" multi_line="n" script="set_func" regexp="y" send_to="9" sequence="100" variable="funkcyjny">
  <send>Brama;zapukaj we wrota</send>
  </trigger>

  <trigger enabled="y" lines_to_match="2" match="^(?:&gt; |)Probujesz otworzyc (.*)\, ale nie udaje ci sie to\.$" multi_line="n" script="set_func" regexp="y" send_to="9" sequence="100" variable="funkcyjny">
  <send>Brama;zapukaj we wrota</send>
  </trigger>
  <trigger enabled="y" lines_to_match="2" match="^(?:&gt; |)Przy wielkich piecach\.\nSa tutaj dwa widoczne wyjscia\: poludnie i poludniowy\-zachod\.$" multi_line="y" script="set_func" regexp="y" send_to="9" sequence="100" variable="funkcyjny">
  <send>Naprawa;napraw zalozona zbroje;napraw druga zalozona zbroje;napraw trzecia zalozona zbroje;naostrz bron;naostrz druga bron</send>
  </trigger>
  <trigger enabled="y" match="^(?:&gt; |)Na niewielkiej polce skalnej\.$" send_to="9" sequence="4" script="set_func" regexp="y" keep_evaluating="y" variable="funkcyjny">
  <send>Przecisnij sie obok drzewa;przecisnij sie obok drzewa</send>
  </trigger>
  <trigger enabled="y" lines_to_match="2" match="^(?:&gt; |)Niewielka pieczara\.\nJest tutaj jedno widoczne wyjscie\: poludnie\.$" multi_line="n" script="set_func" regexp="y" send_to="9" sequence="100" variable="funkcyjny">
  <send>Komin;wejdz do komina</send>
  </trigger>
  <trigger enabled="y" lines_to_match="2" match="^(?:&gt; |)Niewielka pieczara\.\nSa tutaj trzy widoczne wyjscia\: polnocny\-zachod, polnoc i polnocny\-wschod\.$" multi_line="y" script="set_func" regexp="y" send_to="9" sequence="100" variable="funkcyjny">
  <send>Otwor;przecisnij sie przez otwor</send>
  </trigger>
  <trigger enabled="y" lines_to_match="2" match="^(?:&gt; |)Olbrzymia pieczara\.\nJest tutaj jedno widoczne wyjscie\: polnoc\.$" multi_line="y" script="set_func" regexp="y" send_to="9" sequence="100" variable="funkcyjny">
  <send>Drabina;wespnij sie na gore</send>
  </trigger>

  <trigger enabled="y" lines_to_match="2" match="^(?:&gt; |)Na moscie\.\nSa tutaj dwa widoczne wyjscia\: wschod i zachod\.$" multi_line="y" script="set_func" regexp="y" send_to="9" sequence="100" variable="funkcyjny">
  <send>Strumien;zejdz nad strumien</send>
  </trigger>

  <trigger enabled="y" lines_to_match="2" match="^(?:&gt; |)Nad strumieniem\.\nJest tutaj jedno widoczne wyjscie\: poludnie\.$" multi_line="y" script="set_func" regexp="y" send_to="9" sequence="100" variable="funkcyjny">
  <send>Strumien;przejdz na drugi brzeg</send>
  </trigger>
  <trigger enabled="y" lines_to_match="2" match="^(?:&gt; |)Na dnie wawozu\.\nSa tutaj dwa widoczne wyjscia\: poludnie i polnoc\.$" multi_line="y" script="set_func" regexp="y" send_to="9" sequence="100" variable="funkcyjny">
  <send>Glazy;przejdz za glazy</send>
  </trigger>

  <trigger enabled="y" lines_to_match="2" match="^(?:&gt; |)Na moscie\.\nSa tutaj dwa widoczne wyjscia\: wschod i zachod\.$" multi_line="y" script="set_func" regexp="y" send_to="9" sequence="100" variable="funkcyjny">
  <send>Strumien;zejdz nad strumien</send>
  </trigger>

  <trigger enabled="y" lines_to_match="2" match="^(?:&gt; |)Nad strumieniem\.\nSa tutaj dwa widoczne wyjscia\: most i polnoc\.$" multi_line="y" script="set_func" regexp="y" send_to="9" sequence="100" variable="funkcyjny">
  <send>Most;most</send>
  </trigger>

  <trigger enabled="y" lines_to_match="2" match="^(?:&gt; |)Slepy zaulek\.\nJest tutaj jedno widoczne wyjscie\: polnocny\-wschod\.$" multi_line="y" script="set_func" regexp="y" send_to="9" sequence="100" variable="funkcyjny">
  <send>Szczelina;przecisnij sie przez szczeline</send>
  </trigger>

  <trigger enabled="y" lines_to_match="2" match="^(?:&gt; |)Skalna polka\.\nJest tutaj jedno widoczne wyjscie\: dol\.$" multi_line="y" script="set_func" regexp="y" send_to="9" sequence="100" variable="funkcyjny">
  <send>Most;przeskocz na most</send>
  </trigger>

  <trigger enabled="y" lines_to_match="2" match="^(?:&gt; |)Kamienny most\.\nSa tutaj dwa widoczne wyjscia\: zachod i wschod\.$" multi_line="y" script="set_func" regexp="y" send_to="9" sequence="100" variable="funkcyjny">
  <send>Polka;przeskocz na polke</send>
  </trigger>

  <trigger enabled="y" lines_to_match="2" match="^(?:&gt; |)Nad przepascia\.\nSa tutaj dwa widoczne wyjscia\: most i polocny\-wschod\.$" multi_line="y" script="set_func" regexp="y" send_to="9" sequence="100" variable="funkcyjny">
  <send>Most;most</send>
  </trigger>

  <trigger enabled="y" lines_to_match="2" match="^(?:&gt; |)Tratwa przybija do brzegu\.$" multi_line="y" script="set_func" regexp="y" send_to="9" sequence="100" variable="funkcyjny">
  <send>Tratwa;wejdz na tratwe</send>
  </trigger>

</triggers>


<script>
<![CDATA[

sub set_func(name, output, array)
    dim komenda
    komenda = world.replace(world.getvariable("funkcyjny"), "\n", ";", True)
    dim aOpis
    aOpis = Split(komenda, ";")
    world.colournote "yellow", "black", "Funkcja = " & aOpis(0)
end sub

sub funkcja(name, output, array)
    dim aOpis
    if len(world.getvariable("funkcyjny")) < 5 then
       exit sub
    end if
    aOpis = Split(world.getvariable("funkcyjny"), ";")
    aOpis(0) = "oooooooooooops"
    aOpis = join(aOpis, ";")
    aOpis = world.replace(aOpis, "oooooooooooops;", "", False)
    world.send world.FixupEscapeSequences(world.replace( aOpis , ";", "\n", True))
end sub

sub help_script(name, output, array)
    world.note "============================================================"
    world.note "|     Skrypt:                      Bindy rozne             |"
    world.note "|----------------------------------------------------------|"
    world.note "| Aliasy:                                                  |"
    world.note "|    func                  - odpalenie binda               |"
    world.note "============================================================"
end sub

]]>
</script>

</muclient>