<?xml version="1.0" encoding="iso-8859-1"?>
<!DOCTYPE muclient>
<!-- Saved on Sunday, January 23, 2005, 2:42 AM -->
<!-- MuClient version 3.65 -->

<!-- Plugin "Komendy_przejsc" generated by Plugin Wizard -->

<muclient>
<plugin
   name="Komendy_przejsc"
   author="Froniu"
   id="5896797bde8b6b679eedb355"
   language="VBscript"
   purpose="Komendy przejsc bindowane pod klawisz Ctrl+X"
   save_state="y"
   date_written="2005-01-23 02:41:11"
   requires="3.65"
   version="1.0"
   >

</plugin>


<!--  Get our standard constants -->

<include name="constants.vbs"/>

<!--  Triggers  -->

<triggers>
  <trigger
   custom_colour="3"
   enabled="y"
   match="wspina sie na gore"
   regexp="y"
   send_to="12"
   sequence="9910"
  >
  <send>world.notecolour = 11
world.tell " ==---&gt;   "
world.notecolourRGB &amp;hB469FF,&amp;h82004B
world.tell " Wyjscie z kurhanu pod klawiszem "
world.notecolourRGB &amp;h82004B,&amp;hB469FF
world.tell "CTRL+X "
world.notecolour = 11
world.note "   &lt;---=="
world.notecolour = 11
accelerator "Ctrl+X","wespnij sie na gore"</send>
  </trigger>
  <trigger
   custom_colour="3"
   enabled="y"
   match="rusza w strone kurhanu"
   regexp="y"
   send_to="12"
   sequence="9910"
  >
  <send>world.notecolour = 11
world.tell " ==---&gt;   "
world.notecolourRGB &amp;hB469FF,&amp;h82004B
world.tell " Wejscie do kurhanu pod klawiszem "
world.notecolourRGB &amp;h82004B,&amp;hB469FF
world.tell "CTRL+X "
world.notecolour = 11
world.note "   &lt;---=="
world.notecolour = 11
accelerator "Ctrl+X","wejdz w krzaki"</send>
  </trigger>
  <trigger
   custom_colour="3"
   enabled="y"
   match="nurkuje i przeplywa na poludnie"
   regexp="y"
   send_to="12"
   sequence="9910"
  >
  <send>world.notecolour = 11
world.tell " ==---&gt;   "
world.notecolourRGB &amp;hB469FF,&amp;h82004B
world.tell " Przeplyniecie na poludnie pod klawiszem "
world.notecolourRGB &amp;h82004B,&amp;hB469FF
world.tell "CTRL+X "
world.notecolour = 11
world.note "   &lt;---=="
world.notecolour = 11
accelerator "Ctrl+X","przeplyn na poludnie"</send>
  </trigger>
 <trigger
   custom_colour="3"
   enabled="y"
   match="wdrapuje sie na duzy glaz"
   regexp="y"
   send_to="12"
   sequence="9910"
  >
  <send>world.notecolour = 11
world.tell " ==---&gt;   "
world.notecolourRGB &amp;hB469FF,&amp;h82004B
world.tell " Wdrapanie sie na glaz pod klawiszem "
world.notecolourRGB &amp;h82004B,&amp;hB469FF
world.tell "CTRL+X "
world.notecolour = 11
world.note "   &lt;---=="
world.notecolour = 11
accelerator "Ctrl+X","wdrap sie na glaz"</send>
  </trigger>
 <trigger
   custom_colour="3"
   enabled="y"
   match="zrecznie wspina sie na znajdujaca sie powyzej polke skalna"
   regexp="y"
   send_to="12"
   sequence="9910"
  >
  <send>world.notecolour = 11
world.tell " ==---&gt;   "
world.notecolourRGB &amp;hB469FF,&amp;h82004B
world.tell " Wejscie na polke skalna pod klawiszem "
world.notecolourRGB &amp;h82004B,&amp;hB469FF
world.tell "CTRL+X "
world.notecolour = 11
world.note "   &lt;---=="
world.notecolour = 11
accelerator "Ctrl+X","wespnij sie na polke"</send>
  </trigger>
 <trigger
   custom_colour="3"
   enabled="y"
   match="nurkuje i przeplywa na polnoc"
   regexp="y"
   send_to="12"
   sequence="9910"
  >
  <send>world.notecolour = 11
world.tell " ==---&gt;   "
world.notecolourRGB &amp;hB469FF,&amp;h82004B
world.tell " Przeplyniecie na polnoc pod klawiszem "
world.notecolourRGB &amp;h82004B,&amp;hB469FF
world.tell "CTRL+X "
world.notecolour = 11
world.note "   &lt;---=="
world.notecolour = 11
accelerator "Ctrl+X","przeplyn na polnoc"</send>
  </trigger>
 <trigger
   custom_colour="3"
   enabled="y"
   match="bierze rozbieg by przeskoczyc wyrwe"
   regexp="y"
   send_to="12"
   sequence="9910"
  >
  <send>world.notecolour = 11
world.tell " ==---&gt;   "
world.notecolourRGB &amp;hB469FF,&amp;h82004B
world.tell " Przeskoczenie wyrwy pod klawiszem "
world.notecolourRGB &amp;h82004B,&amp;hB469FF
world.tell "CTRL+X "
world.notecolour = 11
world.note "   &lt;---=="
world.notecolour = 11
accelerator "Ctrl+X","przeskocz wyrwe"</send>
  </trigger>
  <trigger
   custom_colour="3"
   enabled="y"
   match="podaza do pieczary szefa"
   regexp="y"
   send_to="12"
   sequence="9910"
  >
  <send>world.notecolour = 11
world.tell " ==---&gt;   "
world.notecolourRGB &amp;hB469FF,&amp;h82004B
world.tell " Wejscie do pieczary pod klawiszem "
world.notecolourRGB &amp;h82004B,&amp;hB469FF
world.tell "CTRL+X "
world.notecolour = 11
world.note "   &lt;---=="
world.notecolour = 11
accelerator "Ctrl+X","wejdz do pieczary"</send>
  </trigger>
  <trigger
   custom_colour="3"
   enabled="y"
   match="posuwa sie na poludnie"
   regexp="y"
   send_to="12"
   sequence="9910"
  >
  <send>world.notecolour = 11
world.tell " ==---&gt;   "
world.notecolourRGB &amp;hB469FF,&amp;h82004B
world.tell " Czolganie sie na poludnie pod klawiszem "
world.notecolourRGB &amp;h82004B,&amp;hB469FF
world.tell "CTRL+X "
world.notecolour = 11
world.note "   &lt;---=="
world.notecolour = 11
accelerator "Ctrl+X","przeczolgaj sie na poludnie"</send>
  </trigger>
  <trigger
   custom_colour="3"
   enabled="y"
   match="posuwa sie na polnoc"
   regexp="y"
   send_to="12"
   sequence="9910"
  >
  <send>world.notecolour = 11
world.tell " ==---&gt;   "
world.notecolourRGB &amp;hB469FF,&amp;h82004B
world.tell " Czolganie sie na polnoc pod klawiszem "
world.notecolourRGB &amp;h82004B,&amp;hB469FF
world.tell "CTRL+X "
world.notecolour = 11
world.note "   &lt;---=="
world.notecolour = 11
accelerator "Ctrl+X","przeczolgaj sie na polnoc"</send>
  </trigger>
  <trigger
   custom_colour="3"
   enabled="y"
   match="lapie za korzen i szybko wspina sie po skale"
   regexp="y"
   send_to="12"
   sequence="9910"
  >
  <send>world.notecolour = 11
world.tell " ==---&gt;   "
world.notecolourRGB &amp;hB469FF,&amp;h82004B
world.tell " Wejscie po korzeniu pod klawiszem "
world.notecolourRGB &amp;h82004B,&amp;hB469FF
world.tell "CTRL+X "
world.notecolour = 11
world.note "   &lt;---=="
world.notecolour = 11
accelerator "Ctrl+X","wdrap sie po korzeniu"</send>
  </trigger>
  <trigger
   custom_colour="3"
   enabled="y"
   match="sprawnie sie podciagajac wychodzi ze studni"
   regexp="y"
   send_to="12"
   sequence="9910"
  >
  <send>world.notecolour = 11
world.tell " ==---&gt;   "
world.notecolourRGB &amp;hB469FF,&amp;h82004B
world.tell " Wejscie po sznurze pod klawiszem "
world.notecolourRGB &amp;h82004B,&amp;hB469FF
world.tell "CTRL+X "
world.notecolour = 11
world.note "   &lt;---=="
world.notecolour = 11
accelerator "Ctrl+X","wdrap sie po sznurze"</send>
  </trigger>
  <trigger
   custom_colour="3"
   enabled="y"
   match="wskakuje na poklad promu"
   regexp="y"
   send_to="12"
   sequence="9910"
  >
  <send>world.notecolour = 11
world.tell " ==---&gt;   "
world.notecolourRGB &amp;hB469FF,&amp;h82004B
world.tell " Wejscie na prom pod klawiszem "
world.notecolourRGB &amp;h82004B,&amp;hB469FF
world.tell "CTRL+X "
world.notecolour = 11
world.note "   &lt;---=="
world.notecolour = 11
accelerator "Ctrl+X","wskocz na prom"</send>
  </trigger>
  <trigger
   custom_colour="3"
   enabled="y"
   match="przywiera plasko do ziemi i wczolguje sie w szczeline"
   regexp="y"
   send_to="12"
   sequence="9910"
  >
  <send>world.notecolour = 11
world.tell " ==---&gt;   "
world.notecolourRGB &amp;hB469FF,&amp;h82004B
world.tell " Wejscie w szczeline pod klawiszem "
world.notecolourRGB &amp;h82004B,&amp;hB469FF
world.tell "CTRL+X "
world.notecolour = 11
world.note "   &lt;---=="
world.notecolour = 11
accelerator "Ctrl+X","przecisnij sie przez szczeline"</send>
  </trigger>
  <trigger
   custom_colour="3"
   enabled="y"
   match="podaza sciezka wzdluz budynku"
   regexp="y"
   send_to="12"
   sequence="9910"
  >
  <send>world.notecolour = 11
world.tell " ==---&gt;   "
world.notecolourRGB &amp;hB469FF,&amp;h82004B
world.tell " Obejscie budynku pod klawiszem "
world.notecolourRGB &amp;h82004B,&amp;hB469FF
world.tell "CTRL+X "
world.notecolour = 11
world.note "   &lt;---=="
world.notecolour = 11
accelerator "Ctrl+X","obejdz budynek"</send>
  </trigger>
  <trigger
   custom_colour="3"
   enabled="y"
   match="nabiera powietrza, zamyka oczy i nagle znika!"
   regexp="y"
   send_to="12"
   sequence="9910"
  >
  <send>world.notecolour = 11
world.tell " ==---&gt;   "
world.notecolourRGB &amp;hB469FF,&amp;h82004B
world.tell " Wejscie w sciane pod klawiszem "
world.notecolourRGB &amp;h82004B,&amp;hB469FF
world.tell "CTRL+X "
world.notecolour = 11
world.note "   &lt;---=="
world.notecolour = 11
accelerator "Ctrl+X","wejdz we wschodnia sciane"</send>
  </trigger>
  <trigger
   custom_colour="3"
   enabled="y"
   match="poklonil sie statui"
   regexp="y"
   send_to="12"
   sequence="9910"
  >
  <send>world.notecolour = 11
world.tell " ==---&gt;   "
world.notecolourRGB &amp;hB469FF,&amp;h82004B
world.tell " Wejscie do skavenow pod klawiszem "
world.notecolourRGB &amp;h82004B,&amp;hB469FF
world.tell "CTRL+X "
world.notecolour = 11
world.note "   &lt;---=="
world.notecolour = 11
accelerator "Ctrl+X","poklon sie statui"</send>
  </trigger>
  <trigger
   custom_colour="3"
   enabled="y"
   match="majstruje cos przy scianie"
   regexp="y"
   send_to="12"
   sequence="9910"
  >
  <send>world.notecolour = 11
world.tell " ==---&gt;   "
world.notecolourRGB &amp;hB469FF,&amp;h82004B
world.tell " Wyjscie ze skavenow pod klawiszem "
world.notecolourRGB &amp;h82004B,&amp;hB469FF
world.tell "CTRL+X "
world.notecolour = 11
world.note "   &lt;---=="
world.notecolour = 11
accelerator "Ctrl+X","przekrec czaszke"</send>
  </trigger>
  <trigger
   custom_colour="3"
   enabled="y"
   match="zsiada ze statku"
   regexp="y"
   send_to="12"
   sequence="9910"
  >
  <send>world.notecolour = 11
world.tell " ==---&gt;   "
world.notecolourRGB &amp;hB469FF,&amp;h82004B
world.tell " Zejscie ze statku pod klawiszem "
world.notecolourRGB &amp;h82004B,&amp;hB469FF
world.tell "CTRL+X "
world.notecolour = 11
world.note "   &lt;---=="
world.notecolour = 11
accelerator "Ctrl+X","zejdz ze statku"</send>
  </trigger>
  <trigger
   custom_colour="3"
   enabled="y"
   match="podaza na otwor"
   regexp="y"
   send_to="12"
   sequence="9910"
  >
  <send>world.notecolour = 11
world.tell " ==---&gt;   "
world.notecolourRGB &amp;hB469FF,&amp;h82004B
world.tell " Zejscie na dol pod klawiszem "
world.notecolourRGB &amp;h82004B,&amp;hB469FF
world.tell "CTRL+X "
world.notecolour = 11
world.note "   &lt;---=="
world.notecolour = 11
accelerator "Ctrl+X","zejdz na dol"</send>
  </trigger>
  <trigger
   custom_colour="3"
   enabled="y"
   match="przeskakujac przez mur"
   regexp="y"
   send_to="12"
   sequence="9910"
  >
  <send> world.notecolour = 11
world.tell " ==---&gt;   "
world.notecolourRGB &amp;hB469FF,&amp;h82004B
world.tell " Wejscie na mur pod klawiszem "
world.notecolourRGB &amp;h82004B,&amp;hB469FF
world.tell "CTRL+X "
world.notecolour = 11
world.note "   &lt;---=="
world.notecolour = 11
accelerator "Ctrl+X","wespnij sie na mur"</send>
  </trigger>
  <trigger
   custom_colour="3"
   enabled="y"
   match="podaza przez otwor"
   regexp="y"
   send_to="12"
   sequence="9910"
  >
  <send>world.notecolour = 11
world.tell " ==---&gt;   "
world.notecolourRGB &amp;hB469FF,&amp;h82004B
world.tell " Zejscie na dol pod klawiszem "
world.notecolourRGB &amp;h82004B,&amp;hB469FF
world.tell "CTRL+X "
world.notecolour = 11
world.note "   &lt;---=="
world.notecolour = 11
accelerator "Ctrl+X","zejdz na dol"</send>
  </trigger>
  <trigger
   custom_colour="3"
   enabled="y"
   match="bierze rozbieg i przeskakuje wyrwe"
   regexp="y"
   send_to="12"
   sequence="9910"
  >
  <send>world.notecolour = 11
world.tell " ==---&gt;   "
world.notecolourRGB &amp;hB469FF,&amp;h82004B
world.tell " Przeskoczenie wyrwy pod klawiszem "
world.notecolourRGB &amp;h82004B,&amp;hB469FF
world.tell "CTRL+X "
world.notecolour = 11
world.note "   &lt;---=="
world.notecolour = 11
accelerator "Ctrl+X","przeskocz wyrwe"</send>
  </trigger>
  <trigger
   custom_colour="3"
   enabled="y"
   match="wchodzi do baszty"
   regexp="y"
   send_to="12"
   sequence="9910"
  >
  <send>world.notecolour = 11
world.tell " ==---&gt;   "
world.notecolourRGB &amp;hB469FF,&amp;h82004B
world.tell " Wejscie do baszty pod klawiszem "
world.notecolourRGB &amp;h82004B,&amp;hB469FF
world.tell "CTRL+X "
world.notecolour = 11
world.note "   &lt;---=="
world.notecolour = 11
accelerator "Ctrl+X","wejdz do baszty"</send>
  </trigger>
  <trigger
   custom_colour="3"
   enabled="y"
   match="kieruje sie w strone krzakow i po chwili daje w"
   regexp="y"
   send_to="12"
   sequence="9910"
  >
  <send>world.notecolour = 11
world.tell " ==---&gt;   "
world.notecolourRGB &amp;hB469FF,&amp;h82004B
world.tell " Wejscie w krzaki pod klawiszem "
world.notecolourRGB &amp;h82004B,&amp;hB469FF
world.tell "CTRL+X "
world.notecolour = 11
world.note "   &lt;---=="
world.notecolour = 11
accelerator "Ctrl+X","wejdz w krzaki"</send>
  </trigger>
  <trigger
   custom_colour="3"
   enabled="y"
   match="ostroznie wchodzi do gory lapiac sie kolejnych szczebli drabin"
   regexp="y"
   send_to="12"
   sequence="9910"
  >
  <send>world.notecolour = 11
world.tell " ==---&gt;   "
world.notecolourRGB &amp;hB469FF,&amp;h82004B
world.tell " Wejscie po drabinie pod klawiszem "
world.notecolourRGB &amp;h82004B,&amp;hB469FF
world.tell "CTRL+X "
world.notecolour = 11
world.note "   &lt;---=="
world.notecolour = 11
accelerator "Ctrl+X","wejdz po drabinie"</send>
  </trigger>
  <trigger
   custom_colour="3"
   enabled="y"
   match="ostroznie schodzi na dol lapiac sie kolejnych szczebli drabiny"
   regexp="y"
   send_to="12"
   sequence="9910"
  >
  <send>world.notecolour = 11
world.tell " ==---&gt;   "
world.notecolourRGB &amp;hB469FF,&amp;h82004B
world.tell " Zejscie po drabinie pod klawiszem "
world.notecolourRGB &amp;h82004B,&amp;hB469FF
world.tell "CTRL+X "
world.notecolour = 11
world.note "   &lt;---=="
world.notecolour = 11
accelerator "Ctrl+X","zejdz po drabinie"</send>
  </trigger>
  <trigger
   custom_colour="3"
   enabled="y"
   match="smialo zaczyna schodzic w dol i po chwili znika ci z oczu"
   regexp="y"
   send_to="12"
   sequence="9910"
  >
  <send>world.notecolour = 11
world.tell " ==---&gt;   "
world.notecolourRGB &amp;hB469FF,&amp;h82004B
world.tell " Zejscie na dol pod klawiszem "
world.notecolourRGB &amp;h82004B,&amp;hB469FF
world.tell "CTRL+X "
world.notecolour = 11
world.note "   &lt;---=="
world.notecolour = 11
accelerator "Ctrl+X","zejdz na dol"</send>
  </trigger>
  <trigger
   custom_colour="3"
   enabled="y"
   match="chwyta za jeden z konarow i zaczyna przesuwac pien"
   regexp="y"
   send_to="12"
   sequence="9910"
  >
  <send>world.notecolour = 11
world.tell " ==---&gt;   "
world.notecolourRGB &amp;hB469FF,&amp;h82004B
world.tell " Przesuniecie pnia pod klawiszem "
world.notecolourRGB &amp;h82004B,&amp;hB469FF
world.tell "CTRL+X "
world.notecolour = 11
world.note "   &lt;---=="
world.notecolour = 11
accelerator "Ctrl+X","przesun pien"</send>
  </trigger>
  <trigger
   custom_colour="3"
   enabled="y"
   match="przeciska sie przez szczeline"
   regexp="y"
   send_to="12"
   sequence="9910"
  >
  <send>world.notecolour = 11
world.tell " ==---&gt;   "
world.notecolourRGB &amp;hB469FF,&amp;h82004B
world.tell " Wejscie w szczeline pod klawiszem "
world.notecolourRGB &amp;h82004B,&amp;hB469FF
world.tell "CTRL+X "
world.notecolour = 11
world.note "   &lt;---=="
world.notecolour = 11
accelerator "Ctrl+X","przecisnij sie przez szczeline"</send>
  </trigger>
  <trigger
   custom_colour="3"
   enabled="y"
   match="staje niepewnie na kamiennej plycie, i nagle zapada sie w dol!"
   regexp="y"
   send_to="12"
   sequence="9910"
  >
  <send>world.notecolour = 11
world.tell " ==---&gt;   "
world.notecolourRGB &amp;hB469FF,&amp;h82004B
world.tell " Wejscie na plyte pod klawiszem "
world.notecolourRGB &amp;h82004B,&amp;hB469FF
world.tell "CTRL+X "
world.notecolour = 11
world.note "   &lt;---=="
world.notecolour = 11
accelerator "Ctrl+X","wejdz na plyte"</send>
  </trigger>
  <trigger
   custom_colour="3"
   enabled="y"
   match="dotyka swietlistego slupa energii"
   regexp="y"
   send_to="12"
   sequence="9910"
  >
  <send>world.notecolour = 11
world.tell " ==---&gt;   "
world.notecolourRGB &amp;hB469FF,&amp;h82004B
world.tell " Dotkniecie slupa pod klawiszem "
world.notecolourRGB &amp;h82004B,&amp;hB469FF
world.tell "CTRL+X "
world.notecolour = 11
world.note "   &lt;---=="
world.notecolour = 11
accelerator "Ctrl+X","dotknij slupa"</send>
  </trigger>
  <trigger
   custom_colour="3"
   enabled="y"
   match="schodzi po drabinie"
   regexp="y"
   send_to="12"
   sequence="9910"
  >
  <send>world.notecolour = 11
world.tell " ==---&gt;   "
world.notecolourRGB &amp;hB469FF,&amp;h82004B
world.tell " Zejscie po drabinie pod klawiszem "
world.notecolourRGB &amp;h82004B,&amp;hB469FF
world.tell "CTRL+X "
world.notecolour = 11
world.note "   &lt;---=="
world.notecolour = 11
accelerator "Ctrl+X","zejdz po drabinie"</send>
  </trigger>
  <trigger
   custom_colour="3"
   enabled="y"
   match="skacze do studni, w nieprzenikniona, czarna czelusc"
   regexp="y"
   send_to="12"
   sequence="9910"
  >
  <send>world.notecolour = 11
world.tell " ==---&gt;   "
world.notecolourRGB &amp;hB469FF,&amp;h82004B
world.tell " Skok do studni pod klawiszem "
world.notecolourRGB &amp;h82004B,&amp;hB469FF
world.tell "CTRL+X "
world.notecolour = 11
world.note "   &lt;---=="
world.notecolour = 11
accelerator "Ctrl+X","wskocz do studni"</send>
  </trigger>
  <trigger
   custom_colour="3"
   enabled="y"
   match="przeskakuje przez krawedz studni i znika z twych oczu"
   regexp="y"
   send_to="12"
   sequence="9910"
  >
  <send>world.notecolour = 11
world.tell " ==---&gt;   "
world.notecolourRGB &amp;hB469FF,&amp;h82004B
world.tell " Studnia pod klawiszem "
world.notecolourRGB &amp;h82004B,&amp;hB469FF
world.tell "CTRL+X "
world.notecolour = 11
world.note "   &lt;---=="
world.notecolour = 11
accelerator "Ctrl+X","wejdz do studni;przecisnij sie przez otwor "</send>
  </trigger>
  <trigger
   custom_colour="3"
   enabled="y"
   match="bez trudu wchodzi na podest... traci rownowage z niewiadomego powodu... "
   regexp="y"
   send_to="12"
   sequence="9910"
  >
  <send>world.notecolour = 11
world.tell " ==---&gt;   "
world.notecolourRGB &amp;hB469FF,&amp;h82004B
world.tell " Zejscie do grobowca pod klawiszem "
world.notecolourRGB &amp;h82004B,&amp;hB469FF
world.tell "CTRL+X "
world.notecolour = 11
world.note "   &lt;---=="
world.notecolour = 11
accelerator "Ctrl+X","wejdz na podest;wejdz do grobowca"</send>
  </trigger>
  <trigger
   custom_colour="3"
   enabled="y"
   match="znika nagle w jednej ze scian"
   regexp="y"
   send_to="12"
   sequence="9910"
  >
  <send>world.notecolour = 11
world.tell " ==---&gt;   "
world.notecolourRGB &amp;hB469FF,&amp;h82004B
world.tell " Zejscie na dol pod klawiszem "
world.notecolourRGB &amp;h82004B,&amp;hB469FF
world.tell "CTRL+X "
world.notecolour = 11
world.note "   &lt;---=="
world.notecolour = 11
accelerator "Ctrl+X","wejdz w sciane;n;zeskocz na glaz;przeskocz na glaz;wskocz do wody;zanurkuj pod wode;otwor;n;wespnij sie na gore;wespnij sie do gory"</send>
  </trigger>
  <trigger
   custom_colour="3"
   enabled="y"
   match="przesuwa plyte i wydostaje sie przez otwor w suficie na gore"
   regexp="y"
   send_to="12"
   sequence="9910"
  >
  <send>world.notecolour = 11
world.tell " ==---&gt;   "
world.notecolourRGB &amp;hB469FF,&amp;h82004B
world.tell " Przesuniecie plyty pod klawiszem "
world.notecolourRGB &amp;h82004B,&amp;hB469FF
world.tell "CTRL+X "
world.notecolour = 11
world.note "   &lt;---=="
world.notecolour = 11
accelerator "Ctrl+X","przesun plyte"</send>
  </trigger>
  <trigger
   custom_colour="3"
   enabled="y"
   match="otwiera klape i wydostaje sie przez otwor w suficie na gore"
   regexp="y"
   send_to="12"
   sequence="9910"
  >
  <send>world.notecolour = 11
world.tell " ==---&gt;   "
world.notecolourRGB &amp;hB469FF,&amp;h82004B
world.tell " Otwarcie klapy pod klawiszem "
world.notecolourRGB &amp;h82004B,&amp;hB469FF
world.tell "CTRL+X "
world.notecolour = 11
world.note "   &lt;---=="
world.notecolour = 11
accelerator "Ctrl+X","otworz klape"</send>
  </trigger>
  <trigger
   custom_colour="3"
   enabled="y"
   match="podaza do tunelu"
   regexp="y"
   send_to="12"
   sequence="9910"
  >
  <send>world.notecolour = 11
world.tell " ==---&gt;   "
world.notecolourRGB &amp;hB469FF,&amp;h82004B
world.tell " Wejscie do tunelu pod klawiszem "
world.notecolourRGB &amp;h82004B,&amp;hB469FF
world.tell "CTRL+X "
world.notecolour = 11
world.note "   &lt;---=="
world.notecolour = 11
accelerator "Ctrl+X","wejdz do tunelu"</send>
  </trigger>
  <trigger
   custom_colour="3"
   enabled="y"
   match="przeslizguje sie przez szczeline"
   regexp="y"
   send_to="12"
   sequence="9910"
  >
  <send>world.notecolour = 11
world.tell " ==---&gt;   "
world.notecolourRGB &amp;hB469FF,&amp;h82004B
world.tell " Wejscie w szczeline pod klawiszem "
world.notecolourRGB &amp;h82004B,&amp;hB469FF
world.tell "CTRL+X "
world.notecolour = 11
world.note "   &lt;---=="
world.notecolour = 11
accelerator "Ctrl+X","przecisnij sie przez szczeline"</send>
  </trigger>
  <trigger
   custom_colour="3"
   enabled="y"
   match="podaza pod wode, nurkujac"
   regexp="y"
   send_to="12"
   sequence="9910"
  >
  <send>world.notecolour = 11
world.tell " ==---&gt;   "
world.notecolourRGB &amp;hB469FF,&amp;h82004B
world.tell " Nurkowanie pod klawiszem "
world.notecolourRGB &amp;h82004B,&amp;hB469FF
world.tell "CTRL+X "
world.notecolour = 11
world.note "   &lt;---=="
world.notecolour = 11
accelerator "Ctrl+X","zanurkuj"</send>
  </trigger>
  <trigger
   custom_colour="3"
   enabled="y"
   match="schodzi na brzeg"
   regexp="y"
   send_to="12"
   sequence="9910"
  >
  <send>world.notecolour = 11
world.tell " ==---&gt;   "
world.notecolourRGB &amp;hB469FF,&amp;h82004B
world.tell " Zejscie na brzeg pod klawiszem "
world.notecolourRGB &amp;h82004B,&amp;hB469FF
world.tell "CTRL+X "
world.notecolour = 11
world.note "   &lt;---=="
world.notecolour = 11
accelerator "Ctrl+X","zeskocz"</send>
  </trigger>
  <trigger
   custom_colour="3"
   enabled="y"
   match="wsiada na statek"
   regexp="y"
   send_to="12"
   sequence="9910"
  >
  <send>world.notecolour = 11
world.tell " ==---&gt;   "
world.notecolourRGB &amp;hB469FF,&amp;h82004B
world.tell " Wejscie na statek drabinie pod klawiszem "
world.notecolourRGB &amp;h82004B,&amp;hB469FF
world.tell "CTRL+X "
world.notecolour = 11
world.note "   &lt;---=="
world.notecolour = 11
accelerator "Ctrl+X","s+"</send>
  </trigger>
  <trigger
   custom_colour="3"
   enabled="y"
   match="pewnie lapie za zwisajace liny"
   regexp="y"
   send_to="12"
   sequence="9910"
  >
  <send>world.notecolour = 11
world.tell " ==---&gt;   "
world.notecolourRGB &amp;hB469FF,&amp;h82004B
world.tell " Wspiecie sie po linie pod klawiszem "
world.notecolourRGB &amp;h82004B,&amp;hB469FF
world.tell "CTRL+X "
world.notecolour = 11
world.note "   &lt;---=="
world.notecolour = 11
accelerator "Ctrl+X","wespnij sie po linie"</send>
  </trigger>
  <trigger
   custom_colour="3"
   enabled="y"
   match="nagle wraca na swoja pierwotna pozycje"
   regexp="y"
   send_to="12"
   sequence="9910"
  >
  <send>world.notecolour = 11
world.tell " ==---&gt;   "
world.notecolourRGB &amp;hB469FF,&amp;h82004B
world.tell " Przejscie do KK pod klawiszem "
world.notecolourRGB &amp;h82004B,&amp;hB469FF
world.tell "CTRL+X "
world.notecolour = 11
world.note "   &lt;---=="
world.notecolour = 11
accelerator "Ctrl+X","podwaz czarny glaz"</send>
  </trigger>
  <trigger
   custom_colour="3"
   enabled="y"
   match="Po chwili znika za zalomem"
   regexp="y"
   send_to="12"
   sequence="9910"
  >
  <send>world.notecolour = 11
world.tell " ==---&gt;   "
world.notecolourRGB &amp;hB469FF,&amp;h82004B
world.tell " Wejscie na sciezke pod klawiszem "
world.notecolourRGB &amp;h82004B,&amp;hB469FF
world.tell "CTRL+X "
world.notecolour = 11
world.note "   &lt;---=="
world.notecolour = 11
accelerator "Ctrl+X","wdrap sie na sciezke"</send>
  </trigger>
  <trigger
   custom_colour="3"
   enabled="y"
   match="podchodzi do szczeliny w skale"
   regexp="y"
   send_to="12"
   sequence="9910"
  >
  <send>world.notecolour = 11
world.tell " ==---&gt;   "
world.notecolourRGB &amp;hB469FF,&amp;h82004B
world.tell " Zejscie na dol pod klawiszem "
world.notecolourRGB &amp;h82004B,&amp;hB469FF
world.tell "CTRL+X "
world.notecolour = 11
world.note "   &lt;---=="
world.notecolour = 11
accelerator "Ctrl+X","zsun sie na dol"</send>
  </trigger>
  <trigger
   custom_colour="3"
   enabled="y"
   match="zaczyna schodzic na dol"
   regexp="y"
   send_to="12"
   sequence="9910"
  >
  <send>world.notecolour = 11
world.tell " ==---&gt;   "
world.notecolourRGB &amp;hB469FF,&amp;h82004B
world.tell " Zejscie na dol pod klawiszem "
world.notecolourRGB &amp;h82004B,&amp;hB469FF
world.tell "CTRL+X "
world.notecolour = 11
world.note "   &lt;---=="
world.notecolour = 11
accelerator "Ctrl+X","zejdz na dol"</send>
  </trigger>
  <trigger
   custom_colour="3"
   enabled="y"
   match="zaczyna wspinac sie na gore"
   regexp="y"
   send_to="12"
   sequence="9910"
  >
  <send>world.notecolour = 11
world.tell " ==---&gt;   "
world.notecolourRGB &amp;hB469FF,&amp;h82004B
world.tell " Wejscie na gore pod klawiszem "
world.notecolourRGB &amp;h82004B,&amp;hB469FF
world.tell "CTRL+X "
world.notecolour = 11
world.note "   &lt;---=="
world.notecolour = 11
accelerator "Ctrl+X","wespnij sie na gore"</send>
  </trigger>
  <trigger
   custom_colour="3"
   enabled="y"
   match="wslizguje sie do lodowej dziury"
   regexp="y"
   send_to="12"
   sequence="9910"
  >
  <send>world.notecolour = 11
world.tell " ==---&gt;   "
world.notecolourRGB &amp;hB469FF,&amp;h82004B
world.tell " Wejscie do otworu pod klawiszem "
world.notecolourRGB &amp;h82004B,&amp;hB469FF
world.tell "CTRL+X "
world.notecolour = 11
world.note "   &lt;---=="
world.notecolour = 11
accelerator "Ctrl+X","wslizgnij sie do otworu"</send>
  </trigger>
  <trigger
   custom_colour="3"
   enabled="y"
   match="schodzi do rozpadliny"
   regexp="y"
   send_to="12"
   sequence="9910"
  >
  <send>world.notecolour = 11
world.tell " ==---&gt;   "
world.notecolourRGB &amp;hB469FF,&amp;h82004B
world.tell " Zejscie do rozpadliny pod klawiszem "
world.notecolourRGB &amp;h82004B,&amp;hB469FF
world.tell "CTRL+X "
world.notecolour = 11
world.note "   &lt;---=="
world.notecolour = 11
accelerator "Ctrl+X","zejdz do rozpadliny;przecisnij sie przez szczeline"</send>
  </trigger>
  <trigger
   custom_colour="3"
   enabled="y"
   match="by po chwili zsunac sie po nich na dol"
   regexp="y"
   send_to="12"
   sequence="9910"
  >
  <send>world.notecolour = 11
world.tell " ==---&gt;   "
world.notecolourRGB &amp;hB469FF,&amp;h82004B
world.tell " Zejscie po linie pod klawiszem "
world.notecolourRGB &amp;h82004B,&amp;hB469FF
world.tell "CTRL+X "
world.notecolour = 11
world.note "   &lt;---=="
world.notecolour = 11
accelerator "Ctrl+X","zsun sie po linie"</send>
  </trigger>
  <trigger
   custom_colour="3"
   enabled="y"
   match="znika w porastajacych krawedz traktu"
   regexp="y"
   send_to="12"
   sequence="9910"
  >
  <send>world.notecolour = 11
world.tell " ==---&gt;   "
world.notecolourRGB &amp;hB469FF,&amp;h82004B
world.tell " Wejscie w krzaki pod klawiszem "
world.notecolourRGB &amp;h82004B,&amp;hB469FF
world.tell "CTRL+X "
world.notecolour = 11
world.note "   &lt;---=="
world.notecolour = 11
accelerator "Ctrl+X","wejdz w krzaki"</send>
  </trigger>
  <trigger
   custom_colour="3"
   enabled="y"
   match="spycha jedno z czolen na wode"
   regexp="y"
   send_to="12"
   sequence="9910"
  >
  <send>world.notecolour = 11
world.tell " ==---&gt;   "
world.notecolourRGB &amp;hB469FF,&amp;h82004B
world.tell " Przeprawa przez rzeke pod klawiszem "
world.notecolourRGB &amp;h82004B,&amp;hB469FF
world.tell "CTRL+X "
world.notecolour = 11
world.note "   &lt;---=="
world.notecolour = 11
accelerator "Ctrl+X","przepraw sie przez rzeke"</send>
  </trigger>
  <trigger
   custom_colour="3"
   enabled="y"
   match="wskakuje na poklad tratwy"
   regexp="y"
   send_to="12"
   sequence="9910"
  >
  <send>world.notecolour = 11
world.tell " ==---&gt;   "
world.notecolourRGB &amp;hB469FF,&amp;h82004B
world.tell " Wejscie na tratwe pod klawiszem "
world.notecolourRGB &amp;h82004B,&amp;hB469FF
world.tell "CTRL+X "
world.notecolour = 11
world.note "   &lt;---=="
world.notecolour = 11
accelerator "Ctrl+X","wskocz na tratwe"</send>
  </trigger>
  <trigger
   custom_colour="3"
   enabled="y"
   match="zeskoczyl z tratwy"
   regexp="y"
   send_to="12"
   sequence="9910"
  >
  <send>world.notecolour = 11
world.tell " ==---&gt;   "
world.notecolourRGB &amp;hB469FF,&amp;h82004B
world.tell " Zejscie z tratwy pod klawiszem "
world.notecolourRGB &amp;h82004B,&amp;hB469FF
world.tell "CTRL+X "
world.notecolour = 11
world.note "   &lt;---=="
world.notecolour = 11
accelerator "Ctrl+X","zeskocz z tratwy"</send>
  </trigger>
  <trigger
   custom_colour="3"
   enabled="y"
   match="wskoczyl na tratwe"
   regexp="y"
   send_to="12"
   sequence="9910"
  >
  <send>world.notecolour = 11
world.tell " ==---&gt;   "
world.notecolourRGB &amp;hB469FF,&amp;h82004B
world.tell " Wejscie na tratwe pod klawiszem "
world.notecolourRGB &amp;h82004B,&amp;hB469FF
world.tell "CTRL+X "
world.notecolour = 11
world.note "   &lt;---=="
world.notecolour = 11
accelerator "Ctrl+X","wskocz na tratwe"</send>
  </trigger>
  <trigger
   custom_colour="3"
   enabled="y"
   match="podaza przez szczeline"
   regexp="y"
   send_to="12"
   sequence="9910"
  >
  <send>world.notecolour = 11
world.tell " ==---&gt;   "
world.notecolourRGB &amp;hB469FF,&amp;h82004B
world.tell " Wejscie w szczeline pod klawiszem "
world.notecolourRGB &amp;h82004B,&amp;hB469FF
world.tell "CTRL+X "
world.notecolour = 11
world.note "   &lt;---=="
world.notecolour = 11
accelerator "Ctrl+X","wejdz do szczeliny"</send>
  </trigger>
  <trigger
   custom_colour="3"
   enabled="y"
   match="podaza przez lustro wodospadu na zewnatrz"
   regexp="y"
   send_to="12"
   sequence="9910"
  >
  <send>world.notecolour = 11
world.tell " ==---&gt;   "
world.notecolourRGB &amp;hB469FF,&amp;h82004B
world.tell " Przejscie przez wodospad pod klawiszem "
world.notecolourRGB &amp;h82004B,&amp;hB469FF
world.tell "CTRL+X "
world.notecolour = 11
world.note "   &lt;---=="
world.notecolour = 11
accelerator "Ctrl+X","przejdz przez wodospad"</send>
  </trigger>
  <trigger
   custom_colour="3"
   enabled="y"
   match="wchodzi do szczeliny miedzy glazami i znika w jej mroku"
   regexp="y"
   send_to="12"
   sequence="9910"
  >
  <send>world.notecolour = 11
world.tell " ==---&gt;   "
world.notecolourRGB &amp;hB469FF,&amp;h82004B
world.tell " Wejscie w szczeline pod klawiszem "
world.notecolourRGB &amp;h82004B,&amp;hB469FF
world.tell "CTRL+X "
world.notecolour = 11
world.note "   &lt;---=="
world.notecolour = 11
accelerator "Ctrl+X","przecisnij sie przez szczeline"</send>
  </trigger>
  <trigger
   custom_colour="3"
   enabled="y"
   match="podaza w kierunku wodospadu"
   regexp="y"
   send_to="12"
   sequence="9910"
  >
  <send>world.notecolour = 11
world.tell " ==---&gt;   "
world.notecolourRGB &amp;hB469FF,&amp;h82004B
world.tell " Przejscie przez wodospad pod klawiszem "
world.notecolourRGB &amp;h82004B,&amp;hB469FF
world.tell "CTRL+X "
world.notecolour = 11
world.note "   &lt;---=="
world.notecolour = 11
accelerator "Ctrl+X","wejdz do jeziorka;przejdz przez wodospad"</send>
  </trigger>
  <trigger
   custom_colour="3"
   enabled="y"
   match="Plytki zostaly wykonane z marmuru w czarnym kolorze. Wyraznie odcinaja sie od reszty kamieni, jakimi wybrukowano most. Ich rozmiar odpowiada dokladnie rozmiarowi stopy ogra. Dostrzegasz, iz sa lekko zaglebione w powierzchni mostu."
   omit_from_output="y"
   regexp="y"
   send_to="12"
   sequence="9910"
  >
  <send>world.notecolour = 11
world.tell " ==---&gt;   "
world.notecolourRGB &amp;hB469FF,&amp;h82004B
world.tell " Przejscie przez pulapke na moscie na POLUDNIE pod klawiszem "
world.notecolourRGB &amp;h82004B,&amp;hB469FF
world.tell "CTRL+X "
world.notecolour = 11
world.note "   &lt;---=="
world.notecolour = 11
world.tell " ==---&gt;   "
world.notecolourRGB &amp;hB469FF,&amp;h82004B
world.tell " Przejscie przez pulapke na moscie na POLNOC pod klawiszem "
world.notecolourRGB &amp;h82004B,&amp;hB469FF
world.tell "CTRL+Y "
world.notecolour = 11
world.note "   &lt;---=="
world.notecolour = 11
accelerator "Ctrl+Y","przejdz po czarnych plytkach na polnoc"
accelerator "Ctrl+X","przejdz po czarnych plytkach na poludnie"</send>
  </trigger>
  <trigger
   custom_colour="3"
   enabled="y"
   match="Plytki zostaly wykonane z marmuru w czerwonym kolorze. Wyraznie odcinaja sie od reszty kamieni, jakimi wybrukowano most. Ich rozmiar odpowiada dokladnie rozmiarowi stopy ogra. Dostrzegasz, iz sa lekko zaglebione w powierzchni mostu."
   omit_from_output="y"
   regexp="y"
   send_to="12"
   sequence="9910"
  >
  <send>world.notecolour = 11
world.tell " ==---&gt;   "
world.notecolourRGB &amp;hB469FF,&amp;h82004B
world.tell " Przejscie przez pulapke na moscie na POLUDNIE pod klawiszem "
world.notecolourRGB &amp;h82004B,&amp;hB469FF
world.tell "CTRL+X "
world.notecolour = 11
world.note "   &lt;---=="
world.notecolour = 11
world.tell " ==---&gt;   "
world.notecolourRGB &amp;hB469FF,&amp;h82004B
world.tell " Przejscie przez pulapke na moscie na POLNOC pod klawiszem "
world.notecolourRGB &amp;h82004B,&amp;hB469FF
world.tell "CTRL+Y "
world.notecolour = 11
world.note "   &lt;---=="
world.notecolour = 11
accelerator "Ctrl+Y","przejdz po czerwonych plytkach na polnoc"
accelerator "Ctrl+X","przejdz po czerwonych plytkach na poludnie"</send>
  </trigger>
  <trigger
   custom_colour="3"
   enabled="y"
   match="Plytki zostaly wykonane z marmuru w bialym kolorze. Wyraznie odcinaja sie od reszty kamieni, jakimi wybrukowano most. Ich rozmiar odpowiada dokladnie rozmiarowi stopy ogra. Dostrzegasz, iz sa lekko zaglebione w powierzchni mostu."
   omit_from_output="y"
   regexp="y"
   send_to="12"
   sequence="9910"
  >
  <send>world.notecolour = 11
world.tell " ==---&gt;   "
world.notecolourRGB &amp;hB469FF,&amp;h82004B
world.tell " Przejscie przez pulapke na moscie na POLUDNIE pod klawiszem "
world.notecolourRGB &amp;h82004B,&amp;hB469FF
world.tell "CTRL+X "
world.notecolour = 11
world.note "   &lt;---=="
world.notecolour = 11
world.tell " ==---&gt;   "
world.notecolourRGB &amp;hB469FF,&amp;h82004B
world.tell " Przejscie przez pulapke na moscie na POLNOC pod klawiszem "
world.notecolourRGB &amp;h82004B,&amp;hB469FF
world.tell "CTRL+Y "
world.notecolour = 11
world.note "   &lt;---=="
world.notecolour = 11
accelerator "Ctrl+Y","przejdz po bialych plytkach na polnoc"
accelerator "Ctrl+X","przejdz po bialych plytkach na poludnie"</send>
  </trigger>
</triggers>

</muclient>
