<?xml version="1.0" encoding="iso-8859-1"?>
<!DOCTYPE muclient>
<!-- Saved on czwartek, wrzesie� 07, 2017, 9:49  -->
<!-- MuClient version 4.92 -->

<!-- Plugin "Arkadia_hasie" generated by Plugin Wizard -->

<muclient>
<plugin
   name="Arkadia_hasie"
   author="Rogan"
   id="7427271e656ac3d6291d17f8"
   language="Lua"
   date_written="2017-09-07 21:49:13"
   requires="4.92"
   version="1.0"
   >

</plugin>


<!--  Get our standard constants -->

<include name="constants.lua"/>

<!--  Triggers  -->

<triggers>
  <trigger
   enabled="n"
group="hasie"
   match="*krasnolud chaosu*"
   sequence="100"
   sound="C:\U�ytkownicy\Karol\Moje dokumenty\Mush-z\worlds\SampleSounds\warning.wav"
  >
  </trigger>

</triggers>

<!--  Aliases  -->

<aliases>
  <alias
   enabled="y"
   match="hasion"
   script="G_Wlacz"
sequence="100" 
  >
  </alias>

  <alias
   enabled="y"
   match="hasioff"
   script="G_Wylacz"
   sequence="100"
  >
  </alias>
</aliases>

<!--  Script  	-->

<script>
<![CDATA[
function G_Wlacz()
EnableTriggerGroup("hasie", true)
note("udalo sie")
end

function G_Wylacz()
EnableTriggerGroup("hasie", false)
note("udalo ci sie, umiesz liczyc do trzech i wylaczac triga")
]]>
</script>



</muclient>
