<?xml version="1.0" encoding="windows-1252"?>
<!DOCTYPE muclient>
<!-- "arkadia_Liczbowa_Kondycja" -->
<!-- Wersja dla os�b niewidomych -->
<muclient>
<plugin name="arkadia_Liczbowa_Kondycja" author="Mercer+rogan" id="2ba1f73c513ba6d264ba5fd1" language="VBscript" date_written="2013-01-22 20:31:24" requires="3.73" version="1.0">
</plugin>

<!--  Triggers  -->

<triggers>
  <trigger enabled="y" match="^(&gt; )?(.*) jest (w swietnej kondycji.|w dobrym stanie.|lekko ranny.|lekko ranna.|lekko ranne.|ranny.|ranna.|ranne.|w zlej kondycji.|ciezko ranny.|ciezko ranna.|ciezko ranne.|ledwo zywy.|ledwo zywa.|ledwo zywe.)$" name="Kondycja_Cudza" omit_from_output="y" regexp="y" script="Cudza_Kondycja" sequence="5">
  </trigger>
  <trigger enabled="y" match="^(&gt; )?Jestes (w swietnej kondycji.|w dobrym stanie.|lekko ranny.|lekko ranna.|ranny.|ranna.|w zlej kondycji.|ciezko ranny.|ciezko ranna.|ledwo zywy.|ledwo zywa.)$" name="Kondycja_Moja" omit_from_output="y" regexp="y" script="Moja_Kondycja" sequence="5">
  </trigger>
</triggers>

<!--  Script  -->

<script>
<![CDATA[

sub Moja_Kondycja(a, b, c)
  world.tell "Ja "
  select case c(2) 
	  case "w swietnej kondycji."	world.note "7"
	  case "w dobrym stanie."		world.note "6"
	  case "lekko ranny."		world.note "5"
	  case "lekko ranna."		world.note "5"
	  case "ranny."			world.note "4"
	  case "ranna."			world.note "4"
	  case "w zlej kondycji."		world.note "3"
	  case "ciezko ranny."		world.note "2"
	  case "ciezko ranna."		world.note "2"
	  case "ledwo zywy."		world.note "paadaaam"
	  case "ledwo zywa."		world.note "padaam"
  end select
end sub
	

sub Cudza_Kondycja(a, b, c)
  if c(2) = "Wyglada na to, ze" then
    world.note b
    exit sub
  end if 
  world.tell c(2) & " "
  select case c(3)
	  case "w swietnej kondycji."	world.note "7" 
	  case "w dobrym stanie."		world.note "6"
	  case "lekko ranny."		world.note "5"
	  case "lekko ranna."		world.note "5"
	  case "lekko ranne."		world.note "5"
	  case "ranny."			world.note "4"
	  case "ranna."			world.note "4"
	  case "ranne."			world.note "4"
	  case "w zlej kondycji."		world.note "3"
	  case "ciezko ranny."		world.note "2"
	  case "ciezko ranna."		world.note "2"
	  case "ciezko ranne."		world.note "2"
	  case "ledwo zywy."		world.note "1" 
	  case "ledwo zywa."		world.note "1"
	  case "ledwo zywe."		world.note "1"
end select
end sub

]]>
</script>

</muclient>