<?xml version="1.0" encoding="UTF-8"?>
<!DOCTYPE muclient>
<!-- Plugin "Barsawia_Kropki" -->
<muclient>
<plugin name="Barsawia_Kropki" author="" id="597b01c1f737fca835178fec" language="Lua" date_written="2013-07-25 11:36:20" requires="3.42" version="1.0">
</plugin>

<!--  Triggers  -->

<triggers>
 <trigger enabled="y" match="^(&gt; )?\.\: (.*) \:\.$" regexp="y" omit_from_output="y" script="Usun_Kropki" sequence="1">
 </trigger>
</triggers>

<!--  Script  -->

<script>
<![CDATA[

function Usun_Kropki(a, b, c)
  Note(c[2])
end

]]>
</script>

</muclient>