<?xml version="1.0" encoding="US-ASCII"?>
<!DOCTYPE muclient>
<!-- Saved on Monday, April 26, 2004, 2:05 PM -->
<!-- MuClient version 3.45 -->

<!-- Plugin "Przemykanie" generated by Plugin Wizard -->

<muclient>
<plugin
   name="Przemykanie"
   author="Lisev"
   id="164f4cc104cbdd47a7fc5868"
   language="VBscript"
   date_written="2004-04-26 14:05:07"
   requires="3.45"
   version="1.0"
   >

</plugin>


<!--  Aliases  -->

<aliases>
  <alias
   match="^(w|zachod|nw|polnocny\-zachod|n|polnoc|ne|polnocny\-wschod|e|wschod|se|poludniowy\-wschod|s|poludnie|sw|poludniowy\-zachod|u|gora|d|dol)$"
   enabled="y"
   group="przemykanie"
   omit_from_command_history="y"
   regexp="y"
   sequence="500"
   script="idziemy"
  >
  </alias>
  <alias
   match="^zmien_chodzenie$"
   enabled="y"
   group="przemykanie"
   omit_from_command_history="y"
   regexp="y"
   sequence="100"
   script="zmien"
  >
  </alias>

  <alias
   script="help_script"
   match="^script_help$"
   enabled="y"
   group="script_help"
   omit_from_command_history="y"
   regexp="y"
   keep_evaluating="y"
   sequence="0"
  >
  </alias>

</aliases>
<variables>
 <variable name="przemykanie">lazimy</variable>
</variables>

<!--  Script  -->


<script>
<![CDATA[

sub zmien(name, output, array)
  Select Case world.getvariable("przemykanie")
    case "lazimy" world.setvariable "przemykanie", "przemykamy"
                  world.note "Skradamy sie"
                  exit sub
    case "przemykamy" world.setvariable "przemykanie", "druzyna"
                      world.note "Skradamy sie z druzyna"
                      exit sub
    case "druzyna" world.setvariable "przemykanie", "lazimy"
                   world.note "Chodzimy normalnie"
                   exit sub
  End Select
end sub

sub idziemy(name, output, array)
  Select Case world.getvariable("przemykanie")
    case "lazimy" world.send array(1)
    case "przemykamy" world.send "przemknij " & array(1)
    case "druzyna" world.send "przemknij z druzyna na " & array(1)   
  End Select

end sub

sub help_script(name, output, array)
    world.note "============================================================"
    world.note "|     Skrypt:                            Przemykanie       |"
    world.note "|----------------------------------------------------------|"
    world.note "| Aliasy:                                                  |"
    world.note "|             zmien_chodzenie - zmiana trybu chodzenia     |"
    world.note "|==========================================================|"
    world.note "| Info:                                                    |"
    world.note "|      * zmienia tryby chodzenia pomiedzy:                 |"
    world.note "|           lazeniem, skradaniem sie, i skradaniem sie z   |"
    world.note "|           druzyna                                        |"
    world.note "|      * POWINNO rowniez dzialac na laziki itp.            |"
    world.note "============================================================"
end sub

]]>
</script>

</muclient>