<?xml version="1.0" encoding="UTF-8"?>
<!DOCTYPE muclient>
<!-- Saved on Saturday, June 28, 2003, 5:37 PM -->
<!-- MuClient version 3.42 -->

<!-- Plugin "Zbieranie_z_cial" generated by Plugin Wizard -->

<muclient>
<plugin
   name="Zbieranie_z_cial"
   author="Lisev"
   id="5f9cb0e587683c83807183b0"
   language="VBscript"
   save_state="y"
   date_written="2003-06-28 17:32:25"
   requires="3.42"
   version="1.0"
   >
<description trim="y">
<![CDATA[
bronie-on  -wlacza zbieranie broni z cial potworow ktore zabiles
bronie-off -wylacza powyzsze
kasa-on    -wlacza autozbieranie monet z cial zabitych
kasa-off   -wylacza powyzsze
zbroje-on  -zbiera zbroje
zbroje-off -wylacza powyzsze
kamyki-on  -zbieramy kamienie szlachetne z cial
kamyki-off -wylacza powyzsze
wszystko-on -zbiera wszystko z cial
wszystko-off -wylacza powyzsze
wrak-on zbiera rzeczy odpowiednie dla naszego ukochanego expowiska- wraczku :)
wrak-off- wylacza zbieranie rzeczy odpowiednich dla wraczku. Ale zadaj sobie pytanie, po co to wylaczasz? Przeciez z wraku sie nie schodzi !!!
]]>
</description>

</plugin>


<!--  Triggers  -->

<triggers>
  <trigger
   enabled="y"
   group="zbieranie"
   keep_evaluating="y"
   match="^(.*?)(poleg(l|la|lo)|umar(l|la|lo))\.$"
   regexp="y"
   script="on_kill_get_trofeum"
   sequence="100"
   other_text_colour="black"
   other_back_colour="black"
  >
  </trigger>
  <trigger
   enabled="y"
   group="zbieranie"
   keep_evaluating="y"
   match="^Zabil(es|as) (.*?)$"
   name="On_Kill_ge"
   regexp="y"
   script="On_Kill_get"
   sequence="100"
   other_text_colour="black"
   other_back_colour="black"
  >
  </trigger>
</triggers>

<!--  Aliases  -->

<aliases>
  <alias
   script="ontrofeumon"
   match="trofeum"
   enabled="y"
   group="zbieranie"
  >
  </alias>
  <alias
   name="kamon"
   script="Onkamyki_on"
   match="kamyki-on"
   enabled="y"
   group="zbieranie"
  >
  </alias>
  <alias
   name="wrakon"
   script="onwrak_on"
   match="wrak-on"
   enabled="y"
   group="zbieranie"
  >
  </alias>
  <alias
   name="wrakoff"
   script="offwrak_off"
   match="wrak-off"
   enabled="y"
   group="zbieranie"
  >
  </alias>

  <alias
   name="kaskaon"
   script="Onkasaon"
   match="kasa-on"
   enabled="y"
   group="zbieranie"
   regexp="y"
  >
  </alias>
  <alias
   name="wsiooff"
   script="onwszystko_off"
   match="wszystko-off"
   enabled="y"
   group="zbieranie"
  >
  </alias>
  <alias
   name="zbroff"
   script="onzbroje_off"
   match="zbroje-off"
   enabled="y"
   group="zbieranie"
  >
  </alias>
  <alias
   name="wszyson"
   script="onwszystko_on"
   match="wszystko-on"
   enabled="y"
   group="zbieranie"
  >
  </alias>
  <alias
   name="onbronie"
   script="onbronie_off"
   match="bronie-off"
   enabled="y"
   group="zbieranie"
  >
  </alias>
  <alias
   name="broon"
   script="onbronie_on"
   match="bronie-on"
   enabled="y"
   group="zbieranie"
  >
  </alias>
  <alias
   name="zbron"
   script="onzbroje_on"
   match="zbroje-on"
   enabled="y"
   group="zbieranie"
  >
  </alias>
  <alias
   name="kaskaoff"
   script="Onkasaoff"
   match="kasa-off"
   enabled="y"
   group="zbieranie"
   regexp="y"
  >
  </alias>
  <alias
   name="kamof"
   script="onkamyki_off"
   match="kamyki-off"
   enabled="y"
   group="zbieranie"
  >
  </alias>
  <alias
   script="help_script"
   match="^script_help$"
   enabled="y"
   group="script_help"
   omit_from_command_history="y"
   regexp="y"
   keep_evaluating="y"
   sequence="0"
  >
  </alias>
</aliases>

<!--  Variables  -->

<variables>
  <variable name="bronie">0</variable>
  <variable name="kamyki">0</variable>
  <variable name="trofeaON">0</variable>
  <variable name="zbroje">0</variable>
  <variable name="kasa">0</variable>
  <variable name="wszystko">0</variable>
  <variable name="wrak">0</variable>
</variables>

<!--  Script  -->


<script>
<![CDATA[

world.note "Plugin 'zbieranie gratow z cial' zaladowany!"

'--------------------------------
'Autozbieranie rzeczy z ciala
'--------------------------------
sub OnKasaon(strAliasName, strOutput, arrWildCards)
world.setvariable "kasa", 1
world.note "Od tej pory bez namyslu bedziesz bral monety z cial potworow ktorym zadales ostateczny cios"
end sub

sub onkasaoff(strAliasName, strOutput, arrWildCards)
world.setvariable "kasa", 0
world.note "Widze zes juz bogaty gdyz przestajesz brac monety z cial"
end sub

sub onbronie_on(strAliasName, strOutput, arrWildCards)
world.setvariable "bronie", 1
world.note "Postanowiles zbierac bron z cial tych istot, ktore zabiles."
end sub
sub onwrak_on(strAliasName, strOutput, arrWildCards)
world.setvariable "wrak", 1
world.note "Wstepujesz na wrak. Bedziesz zbieral skrzynki i kase z tego scierwa, ktore zabijesz. Owocnych lowow !!!"
end sub

sub offwrak_off(strAliasName, strOutput, arrWildCards)
world.setvariable "wrak", 0
world.note "Ale dlaczego? Przeciez wrak to najlepsze expowisko... no ale dobrze, nie bedziesz juz zabieral zlota i skrzynek."
end sub

sub onbronie_off(strAliasname, stroutput,arrwildcards)
world.setvariable "bronie", 0
world.note "Nie bedziesz juz zbieral broni z cial istot ktore zabiles."
end sub

sub onkamyki_on(strAliasName, strOutput, arrWildCards)
world.setvariable "kamyki", 1
world.note "Od teraz bedziesz zabieral wszystkie kosztowne kamyki z cial"
end sub

sub onkamyki_off(strAliasname, stroutput,arrwildcards)
world.setvariable "kamyki", 0
world.note "O teraz pozwolisz kamykom gnic sobie w cialach."
end sub

sub onzbroje_on(strAliasName, strOutput, arrWildCards)
world.setvariable "zbroje", 1
world.note "Postanowiles zbierac zbroje z cial tych istot, ktore zabiles."
end sub

sub onzbroje_off(strAliasname, stroutput,arrwildcards)
world.setvariable "zbroje", 0
world.note "Nie bedziesz juz zbieral zbroi z cial istot ktore zabiles."
end sub

sub onwszystko_on(strAliasName, strOutput, arrWildCards)
world.setvariable "wszystko", 1
world.note "Postanowiles zbierac wszystko z cial tych istot, ktore zabiles "
end sub

sub onwszystko_off(strAliasname, stroutput,arrwildcards)
world.setvariable "wszystko", 0
world.note "Nie bedziesz juz zbieral wszystkich rzeczy z cial istot ktore zabiles."
end sub

sub On_Kill_get(a,b,c)

if world.getvariable("kasa") = 1 then
	world.send "wez monety z ciala"
end if
if world.getvariable("wrak") = 1 then
	world.send "wez zlote monety z ciala"
	world.send "wez skrzynki z ciala"
end if

if world.getvariable("bronie") = 1 then
	world.send "wez bronie z ciala"
end if

if world.getvariable("kamyki") = 1 then
	world.send "wez kamienie z ciala"
end if

if world.getvariable("zbroje") = 1 then
	world.send "wez wszystkie zbroje z ciala"

end if

if world.getvariable("wszystko") = 1 then
	world.send "wez wszystko z ciala"
end if

end sub

sub on_kill_get_trofeum(a,c,b)

if world.getvariable("trofeaON") = 1 then
 world.send "nawytnij trofeum z ciala"
end if

end sub

sub ontrofeumon(a, b, c)
if world.getvariable("trofeaON") = 0 then
 world.setvariable "trofeaON", 1
 world.note "Zaczynasz wycinac trofea z cial poleglych wrogow"
 exit sub
end if
if world.getvariable("trofeaON") = 1 then
 world.setvariable "trofeaON", 0
 world.note "Koniec wycinania trofeow z cial"
 exit sub
end if

end sub

sub help_script(name, output, array)
    world.note "============================================================"
    world.note "| Skrypt:                     zbieranie_z_cial             |"
    world.note "|----------------------------------------------------------|"
    world.note "| Aliasy:                                                  |"
    world.note "|   bronie-on  -wlacza zbieranie broni z cial potworow     |"
    world.note "|               ktore zabiles                              |"
    world.note "|   bronie-off -wylacza powyzsze                           |"
    world.note "|   kasa-on    -wlacza autozbieranie monet z cial zabitych |"
    world.note "|   kasa-off   -wylacza powyzsze                           |"
    world.note "|   zbroje-on  -zbiera zbroje                              |"
    world.note "|   zbroje-off -wylacza powyzsze                           |"
    world.note "|   kamyki-on  -zbieramy kamienie szlachetne z cial        |"
    world.note "|   kamyki-off -wylacza powyzsze                           |"
    world.note "|   wszystko-on -zbiera wszystko z cial                    |"
    world.note "|   wszystko-off -wylacza powyzsze                         |"
    world.note "============================================================"
end sub

]]>
</script>


<!--  Plugin help  -->

<aliases>
  <alias
   script="OnHelp"
   match="Zbieranie_z_cial:help"
   enabled="y"
  >
  </alias>
</aliases>

<script>
<![CDATA[
Sub OnHelp (sName, sLine, wildcards)
  world.Note world.GetPluginInfo (world.GetPluginID, 3)
End Sub
]]>
</script> 

</muclient>
